{"type":"FeatureCollection","features":[{"type":"Feature","properties":{"fromId":"ulanhaote","toId":"aershan","scenic":false,"distanceKm":277},"geometry":{"coordinates":[[122.08698,46.07045],[122.085869,46.070186],[122.085315,46.070056],[122.086245,46.067985],[122.085557,46.067826],[122.084948,46.067677],[122.083181,46.06725],[122.081459,46.066813],[122.081254,46.066763],[122.080057,46.066479],[122.078675,46.066132],[122.077688,46.065884],[122.076006,46.065457],[122.074275,46.06506],[122.074073,46.065],[122.072295,46.064466],[122.070669,46.063977],[122.068995,46.063474],[122.066899,46.062845],[122.066117,46.064224],[122.06536,46.06556],[122.064654,46.066806],[122.064006,46.06795],[122.063384,46.069049],[122.062614,46.070407],[122.062566,46.070492],[122.061567,46.072997],[122.061005,46.074412],[122.060738,46.07514],[122.060089,46.0769],[122.059701,46.077958],[122.057818,46.082742],[122.057794,46.082816],[122.05689,46.08505],[122.056651,46.085647],[122.056593,46.085793],[122.05625,46.086725],[122.05611,46.087694],[122.056048,46.089674],[122.05558,46.091535],[122.055363,46.09209],[122.054367,46.094481],[122.053438,46.096737],[122.053242,46.097248],[122.053124,46.097553],[122.052688,46.098688],[122.052379,46.099493],[122.052033,46.100334],[122.049754,46.105911],[122.04947,46.106488],[122.049273,46.106841],[122.048968,46.107237],[122.048899,46.107326],[122.048775,46.107284],[122.047897,46.106994],[122.034689,46.102602],[122.033102,46.102074],[122.027442,46.100195],[122.025202,46.099451],[122.024242,46.09913],[122.020331,46.097796],[122.019619,46.097558],[122.018017,46.097036],[122.01286,46.095385],[122.011004,46.094796],[122.010444,46.094666],[122.010291,46.09463],[122.009772,46.094493],[122.00831,46.094235],[122.00697,46.094005],[122.00504,46.093785],[122.00348,46.093645],[122.00267,46.093605],[122.00064,46.093595],[121.997173,46.09366],[121.99324,46.093716],[121.989978,46.09376],[121.98813,46.093785],[121.98673,46.093745],[121.98495,46.093635],[121.98354,46.093485],[121.98105,46.093075],[121.980234,46.092894],[121.97965,46.092765],[121.97863,46.092495],[121.97761,46.092185],[121.97168,46.090165],[121.96999,46.089605],[121.96668,46.088555],[121.96604,46.088375],[121.96265,46.087425],[121.96143,46.087115],[121.958755,46.086493],[121.946867,46.083901],[121.93523,46.081336],[121.931259,46.080461],[121.929632,46.080111],[121.929237,46.080026],[121.928368,46.079814],[121.928019,46.079777],[121.927724,46.079785],[121.927402,46.079851],[121.927059,46.079978],[121.92605,46.080566],[121.925642,46.080756],[121.925111,46.080882],[121.924752,46.080916],[121.924409,46.080912],[121.923937,46.080823],[121.923556,46.080689],[121.923239,46.080473],[121.922998,46.080279],[121.922799,46.079997],[121.922612,46.079587],[121.922413,46.079267],[121.922145,46.078947],[121.921877,46.078743],[121.921469,46.078508],[121.921056,46.078333],[121.92051,46.078115],[121.919908,46.077939],[121.918197,46.077443],[121.91687,46.077025],[121.91595,46.076694],[121.91478,46.076275],[121.91256,46.075345],[121.91059,46.074405],[121.90886,46.073485],[121.903007,46.070223],[121.89714,46.067115],[121.89369,46.065275],[121.89129,46.063945],[121.88833,46.062365],[121.886038,46.061369],[121.884458,46.060789],[121.882858,46.060319],[121.880898,46.059829],[121.878958,46.059459],[121.877038,46.059189],[121.871808,46.058717],[121.839681,46.055899],[121.836922,46.055616],[121.836297,46.055522],[121.8345,46.055327],[121.833941,46.055259],[121.833275,46.05517],[121.832537,46.055091],[121.832117,46.055054],[121.831787,46.055047],[121.831462,46.055062],[121.830987,46.055103],[121.830554,46.055148],[121.828842,46.055333],[121.828375,46.055367],[121.82744,46.055431],[121.82694,46.055483],[121.826556,46.055553],[121.826163,46.055659],[121.825899,46.055754],[121.825636,46.055879],[121.825388,46.056023],[121.825141,46.056187],[121.824881,46.056366],[121.824638,46.056579],[121.824252,46.056961],[121.823835,46.057372],[121.823229,46.05787],[121.821995,46.058805],[121.821334,46.059201],[121.820528,46.059625],[121.819538,46.060028],[121.818652,46.06032],[121.817584,46.060629],[121.816083,46.060956],[121.813727,46.061399],[121.809925,46.062096],[121.808932,46.062278],[121.807784,46.062488],[121.803743,46.06326],[121.802853,46.063446],[121.801973,46.063674],[121.800667,46.064032],[121.799307,46.064455],[121.798333,46.064803],[121.794088,46.0665],[121.78564,46.069818],[121.782792,46.070936],[121.78132,46.071523],[121.780176,46.072008],[121.77954,46.072319],[121.779133,46.072518],[121.778355,46.072931],[121.777407,46.073528],[121.77661,46.074111],[121.775718,46.074881],[121.774897,46.075718],[121.774354,46.076393],[121.773612,46.07748],[121.764974,46.091935],[121.762056,46.096877],[121.76171,46.097431],[121.761443,46.097834],[121.76111,46.098256],[121.760801,46.098637],[121.760487,46.098978],[121.760195,46.099268],[121.759629,46.099764],[121.759036,46.10021],[121.758492,46.100572],[121.757995,46.100871],[121.757217,46.101302],[121.753951,46.103011],[121.749959,46.105099],[121.749227,46.105454],[121.748682,46.105696],[121.748126,46.105907],[121.747462,46.106146],[121.746802,46.106346],[121.746243,46.10651],[121.745527,46.106684],[121.744871,46.106813],[121.744226,46.106927],[121.743306,46.107042],[121.742401,46.107117],[121.741233,46.107162],[121.739989,46.107124],[121.738751,46.107018],[121.737813,46.106883],[121.73634,46.106638],[121.73492,46.106433],[121.733548,46.106274],[121.73224,46.10621],[121.731178,46.106207],[121.729975,46.10625],[121.728787,46.106356],[121.727626,46.106521],[121.726457,46.106734],[121.725308,46.107013],[121.723746,46.10749],[121.722871,46.107812],[121.722011,46.108187],[121.721341,46.108507],[121.713999,46.112287],[121.70031,46.119335],[121.699341,46.11981],[121.698082,46.120345],[121.697416,46.120601],[121.696606,46.120856],[121.695833,46.121064],[121.694621,46.121343],[121.690691,46.122089],[121.689957,46.122229],[121.688933,46.122423],[121.681965,46.123747],[121.681056,46.123904],[121.679726,46.124084],[121.678731,46.124175],[121.677656,46.124221],[121.676617,46.124226],[121.675849,46.124206],[121.674497,46.124111],[121.671662,46.123861],[121.671307,46.123831],[121.665464,46.12333],[121.66124,46.122966],[121.659627,46.122831],[121.659007,46.122796],[121.658187,46.12279],[121.657672,46.122807],[121.657055,46.122849],[121.656465,46.122921],[121.655942,46.123009],[121.655329,46.12313],[121.654823,46.123252],[121.654319,46.123401],[121.653905,46.123539],[121.653384,46.123731],[121.652825,46.123962],[121.652344,46.124188],[121.651939,46.124411],[121.651529,46.124655],[121.651237,46.124841],[121.650862,46.125109],[121.650558,46.125358],[121.650293,46.12558],[121.646095,46.129362],[121.642553,46.132554],[121.641709,46.133323],[121.640954,46.13397],[121.64045,46.134383],[121.639949,46.134757],[121.639739,46.134899],[121.639095,46.135312],[121.638391,46.135719],[121.637607,46.136123],[121.636735,46.13652],[121.635689,46.136926],[121.634821,46.137217],[121.633944,46.137469],[121.633031,46.13769],[121.631515,46.137988],[121.624427,46.139383],[121.623176,46.139654],[121.622166,46.139915],[121.620939,46.140285],[121.61616,46.141917],[121.605333,46.145624],[121.601285,46.147013],[121.600206,46.147352],[121.599375,46.147576],[121.598284,46.147808],[121.597277,46.14798],[121.5963,46.148108],[121.595293,46.148193],[121.594477,46.148235],[121.593512,46.148246],[121.592584,46.148217],[121.591626,46.148154],[121.58922,46.147923],[121.588251,46.147875],[121.587344,46.147881],[121.586407,46.147936],[121.585523,46.148036],[121.584815,46.148156],[121.584174,46.14829],[121.583308,46.148522],[121.582591,46.148754],[121.58175,46.149082],[121.581064,46.149402],[121.580381,46.149776],[121.579711,46.150205],[121.579004,46.150715],[121.577705,46.151744],[121.577187,46.152109],[121.576632,46.152438],[121.576034,46.152756],[121.575308,46.153072],[121.574482,46.153368],[121.573429,46.153689],[121.562333,46.156798],[121.561325,46.157109],[121.5605,46.157391],[121.559616,46.157754],[121.558821,46.158107],[121.557998,46.158529],[121.557389,46.158873],[121.55669,46.159332],[121.556181,46.159693],[121.555648,46.160118],[121.555129,46.160566],[121.554424,46.161251],[121.553086,46.162654],[121.551415,46.164384],[121.550839,46.164919],[121.550373,46.16531],[121.549928,46.165627],[121.54937,46.166001],[121.548834,46.166315],[121.548215,46.166632],[121.547524,46.16694],[121.546909,46.167178],[121.546144,46.167428],[121.545438,46.167624],[121.544592,46.167808],[121.543913,46.167929],[121.543207,46.168037],[121.542718,46.168091],[121.542333,46.168136],[121.536039,46.168895],[121.53066,46.169513],[121.529507,46.169655],[121.526116,46.170048],[121.525223,46.17018],[121.524432,46.170316],[121.52378,46.170451],[121.523058,46.170627],[121.521948,46.170949],[121.521079,46.171253],[121.520371,46.171531],[121.51961,46.171855],[121.518739,46.172265],[121.514538,46.17437],[121.512345,46.175563],[121.511901,46.175785],[121.51152,46.175975],[121.505383,46.178924],[121.503253,46.179734],[121.500957,46.180328],[121.499085,46.180625],[121.495711,46.180766],[121.49202,46.180867],[121.488683,46.180963],[121.486763,46.181123],[121.485229,46.181405],[121.483759,46.181818],[121.482863,46.182141],[121.4787,46.184117],[121.468674,46.189093],[121.467236,46.189984],[121.465584,46.191225],[121.464511,46.192339],[121.463664,46.193438],[121.462837,46.194834],[121.460069,46.200842],[121.459072,46.202245],[121.457806,46.203463],[121.4564,46.204451],[121.454973,46.205156],[121.453525,46.205743],[121.43122,46.214771],[121.429771,46.215424],[121.428087,46.216404],[121.426671,46.217377],[121.426349,46.217644],[121.418989,46.22402],[121.417208,46.22533],[121.414847,46.226707],[121.412627,46.22775],[121.410862,46.228619],[121.410059,46.229013],[121.407058,46.23045],[121.405835,46.231116],[121.404827,46.231734],[121.401747,46.233965],[121.395981,46.238259],[121.394404,46.23922],[121.393379,46.239736],[121.392247,46.240251],[121.380767,46.24437],[121.379238,46.245022],[121.378069,46.245787],[121.377152,46.24654],[121.376433,46.247467],[121.375961,46.248328],[121.375741,46.249085],[121.375612,46.249838],[121.375676,46.250787],[121.375827,46.251329],[121.376076,46.252013],[121.377307,46.255387],[121.377474,46.256158],[121.377474,46.256923],[121.377247,46.258308],[121.376964,46.259133],[121.376572,46.259812],[121.375914,46.26066],[121.375279,46.261347],[121.374304,46.262141],[121.37227,46.263406],[121.370435,46.264529],[121.366187,46.267177],[121.363844,46.268622],[121.3627,46.26945],[121.36137,46.270574],[121.349992,46.279959],[121.347799,46.281795],[121.344954,46.284155],[121.344251,46.284637],[121.342532,46.285813],[121.33644,46.28976],[121.331719,46.292769],[121.330499,46.293352],[121.329844,46.293631],[121.328825,46.293924],[121.326336,46.294471],[121.325654,46.294671],[121.324423,46.295136],[121.322717,46.296212],[121.31913,46.298917],[121.318304,46.299418],[121.317091,46.299994],[121.316106,46.300401],[121.315423,46.300629],[121.313618,46.301059],[121.312516,46.301232],[121.311397,46.301338],[121.305658,46.301346],[121.304588,46.301495],[121.303545,46.301761],[121.302907,46.301996],[121.300465,46.303114],[121.299139,46.303593],[121.298101,46.303861],[121.297344,46.303977],[121.296242,46.304078],[121.295616,46.304099],[121.294746,46.304086],[121.294038,46.304046],[121.292115,46.303938],[121.289047,46.30369],[121.279436,46.303017],[121.275359,46.302731],[121.274572,46.302676],[121.27318,46.302668],[121.273056,46.302667],[121.271543,46.302795],[121.270427,46.302973],[121.268973,46.303339],[121.260415,46.306369],[121.257903,46.30701],[121.256403,46.307187],[121.255639,46.307233],[121.252644,46.307205],[121.250395,46.307097],[121.24738,46.307037],[121.246617,46.307041],[121.24482,46.307243],[121.244116,46.307362],[121.243789,46.307472],[121.234272,46.309691],[121.232556,46.31014],[121.223148,46.312385],[121.220886,46.312857],[121.213999,46.313642],[121.211614,46.313951],[121.210577,46.314053],[121.20988,46.314069],[121.208466,46.314031],[121.205971,46.313841],[121.201109,46.313563],[121.198064,46.313296],[121.196582,46.313062],[121.194796,46.312647],[121.194123,46.312439],[121.192788,46.311984],[121.190648,46.310943],[121.18874,46.309731],[121.172811,46.298378],[121.171487,46.297522],[121.170056,46.296765],[121.168827,46.296217],[121.162765,46.293999],[121.159254,46.29281],[121.151408,46.290014],[121.150397,46.289609],[121.14967,46.289262],[121.146163,46.287431],[121.145206,46.286904],[121.144069,46.28644],[121.142907,46.286034],[121.135482,46.284206],[121.132956,46.283608],[121.126651,46.282114],[121.123461,46.281314],[121.123262,46.281264],[121.12305,46.281211],[121.121572,46.28084],[121.113548,46.278934],[121.112115,46.278544],[121.110751,46.278072],[121.109142,46.277379],[121.108252,46.276928],[121.10765,46.276565],[121.099494,46.27123],[121.098697,46.270824],[121.098181,46.270533],[121.092947,46.268904],[121.092369,46.268675],[121.091042,46.268028],[121.090105,46.267429],[121.088636,46.265897],[121.087692,46.265039],[121.086853,46.26454],[121.086337,46.264271],[121.085716,46.263985],[121.085169,46.263749],[121.084456,46.263553],[121.082622,46.262822],[121.081732,46.262389],[121.079745,46.261298],[121.078766,46.2609],[121.078101,46.260694],[121.070325,46.259116],[121.068722,46.258589],[121.068125,46.258337],[121.065502,46.256808],[121.064106,46.256115],[121.062937,46.255651],[121.061705,46.255255],[121.059677,46.25478],[121.057558,46.254457],[121.037367,46.251832],[121.036264,46.251768],[121.034397,46.251775],[121.03329,46.251885],[121.031871,46.252122],[121.031157,46.252268],[121.029802,46.252674],[121.028686,46.253139],[121.028197,46.253343],[121.027291,46.253807],[121.024408,46.255444],[121.022608,46.256433],[121.021718,46.256865],[121.021144,46.257124],[121.019388,46.257809],[121.017708,46.258418],[121.0156,46.259132],[121.015072,46.259314],[121.007884,46.261805],[121.007189,46.262053],[121.0026,46.263624],[120.99807,46.265175],[120.993756,46.266652],[120.991624,46.267376],[120.988454,46.268199],[120.986495,46.268577],[120.975652,46.27075],[120.950946,46.275701],[120.94911,46.27597],[120.947527,46.276021],[120.946604,46.27605],[120.945279,46.275936],[120.944344,46.275804],[120.943421,46.275635],[120.942538,46.275405],[120.94143,46.275061],[120.940362,46.274661],[120.939593,46.274334],[120.938847,46.273942],[120.937437,46.272842],[120.936977,46.272256],[120.936596,46.271621],[120.936043,46.27048],[120.935922,46.269977],[120.935032,46.267674],[120.934386,46.266605],[120.933476,46.265707],[120.932824,46.265234],[120.929535,46.263229],[120.927566,46.262028],[120.926426,46.261282],[120.92298,46.259134],[120.91785,46.255977],[120.916693,46.255355],[120.9154,46.254832],[120.91402,46.254411],[120.912216,46.25407],[120.911592,46.253991],[120.910319,46.253877],[120.909014,46.253863],[120.907399,46.253967],[120.901924,46.254622],[120.900966,46.254787],[120.894114,46.255674],[120.887882,46.256447],[120.880894,46.257249],[120.879508,46.257473],[120.877473,46.257719],[120.875728,46.25806],[120.87399,46.258621],[120.872883,46.259092],[120.871836,46.25964],[120.870219,46.260786],[120.869599,46.261328],[120.85973,46.272409],[120.858518,46.273382],[120.857292,46.274197],[120.855264,46.275172],[120.853829,46.275709],[120.847577,46.277571],[120.842307,46.279102],[120.84053,46.279634],[120.839599,46.279936],[120.838046,46.280455],[120.83596,46.281367],[120.830423,46.283696],[120.829488,46.284005],[120.828513,46.284245],[120.826846,46.284515],[120.825091,46.284587],[120.824397,46.284553],[120.82235,46.284267],[120.821992,46.284181],[120.821345,46.284026],[120.8204,46.283709],[120.818925,46.283057],[120.81787,46.282415],[120.81716,46.28187],[120.816779,46.281481],[120.815937,46.280415],[120.814777,46.27865],[120.814122,46.277805],[120.813726,46.277406],[120.812793,46.276749],[120.811613,46.276321],[120.810984,46.276187],[120.81032,46.276119],[120.809324,46.276098],[120.808662,46.276167],[120.808009,46.276271],[120.807366,46.276481],[120.806252,46.27703],[120.80442,46.278123],[120.800807,46.280397],[120.790907,46.286411],[120.789895,46.287103],[120.789209,46.287662],[120.788384,46.288464],[120.784051,46.292763],[120.778034,46.298988],[120.775651,46.301609],[120.77378,46.303271],[120.772651,46.30413],[120.771699,46.304776],[120.770661,46.30538],[120.769944,46.305731],[120.768948,46.306217],[120.767644,46.306791],[120.765768,46.307419],[120.75395,46.31066],[120.74913,46.311938],[120.746159,46.312686],[120.745165,46.312849],[120.743798,46.312995],[120.733983,46.313638],[120.73183,46.313779],[120.726314,46.314168],[120.726287,46.31417],[120.721988,46.314423],[120.719626,46.314589],[120.718559,46.314664],[120.717563,46.314734],[120.716177,46.314872],[120.715694,46.314959],[120.70996,46.315996],[120.708327,46.316335],[120.70494,46.317038],[120.699421,46.318046],[120.695983,46.318769],[120.694834,46.318985],[120.693699,46.319175],[120.692752,46.319213],[120.692655,46.319213],[120.691737,46.319218],[120.690524,46.319112],[120.688897,46.318719],[120.687878,46.318304],[120.685971,46.317254],[120.682717,46.31537],[120.678807,46.313158],[120.676548,46.311872],[120.674474,46.310667],[120.672286,46.309415],[120.669876,46.308038],[120.668397,46.307321],[120.667356,46.306951],[120.666324,46.30664],[120.665115,46.306386],[120.664278,46.306254],[120.662905,46.306147],[120.661324,46.306114],[120.660085,46.306174],[120.659274,46.306275],[120.658222,46.306436],[120.6571,46.30672],[120.655811,46.307109],[120.646623,46.310806],[120.645047,46.311497],[120.643782,46.312185],[120.642336,46.313132],[120.641444,46.31382],[120.640738,46.31442],[120.638574,46.316573],[120.632438,46.322538],[120.631762,46.323236],[120.631168,46.324013],[120.630596,46.324951],[120.628675,46.328575],[120.628105,46.329538],[120.62713,46.330657],[120.62576,46.331607],[120.624379,46.332157],[120.623664,46.332366],[120.622651,46.332591],[120.616136,46.333562],[120.612978,46.334071],[120.608991,46.334685],[120.601002,46.335826],[120.598801,46.336009],[120.59767,46.336038],[120.593202,46.336016],[120.591805,46.336104],[120.590171,46.336306],[120.583655,46.337269],[120.582164,46.33745],[120.58103,46.33753],[120.579456,46.337557],[120.577766,46.337481],[120.57609,46.337307],[120.574474,46.337017],[120.571253,46.33626],[120.569307,46.335818],[120.564728,46.334697],[120.56062,46.333742],[120.555768,46.33259],[120.552086,46.331691],[120.550241,46.33114],[120.548839,46.330658],[120.547571,46.330164],[120.544192,46.328793],[120.534972,46.325095],[120.520724,46.319354],[120.511402,46.315597],[120.509886,46.315016],[120.508915,46.314757],[120.507775,46.314551],[120.507668,46.314541],[120.507016,46.314481],[120.505837,46.314449],[120.504844,46.314514],[120.503627,46.314689],[120.502657,46.314916],[120.501734,46.315226],[120.492574,46.318819],[120.48911,46.320184],[120.487832,46.320814],[120.486665,46.321545],[120.485552,46.322453],[120.480001,46.327697],[120.472566,46.334679],[120.471571,46.335722],[120.471057,46.336379],[120.470651,46.336997],[120.470271,46.337741],[120.470045,46.338324],[120.469824,46.339205],[120.469736,46.340096],[120.469752,46.340816],[120.470097,46.342841],[120.472394,46.355369],[120.472507,46.357017],[120.472491,46.359277],[120.472061,46.362553],[120.470549,46.371895],[120.470042,46.375213],[120.46991,46.377033],[120.469977,46.380383],[120.470264,46.388392],[120.470295,46.391646],[120.470427,46.395271],[120.470338,46.396279],[120.47002,46.397536],[120.469453,46.398759],[120.465723,46.40425],[120.464651,46.405663],[120.463677,46.40679],[120.462929,46.407463],[120.462302,46.408057],[120.46129,46.408885],[120.45949,46.410097],[120.458875,46.410427],[120.457738,46.411037],[120.456574,46.411553],[120.455719,46.411928],[120.454508,46.412393],[120.45312,46.412833],[120.45124,46.413332],[120.450182,46.413563],[120.443392,46.415024],[120.441137,46.415553],[120.435653,46.416744],[120.433478,46.417319],[120.432128,46.417808],[120.425072,46.420799],[120.423627,46.421483],[120.421963,46.422364],[120.420828,46.423051],[120.414577,46.42701],[120.413702,46.427493],[120.412551,46.428045],[120.41184,46.428328],[120.409982,46.429067],[120.407393,46.429884],[120.40384,46.430916],[120.401815,46.43142],[120.40034,46.431709],[120.398974,46.431895],[120.397602,46.431971],[120.396102,46.431974],[120.394301,46.431858],[120.392662,46.431676],[120.389305,46.431184],[120.385463,46.43053],[120.382666,46.429859],[120.372531,46.42637],[120.368316,46.425021],[120.367041,46.424758],[120.366371,46.424669],[120.365039,46.424544],[120.363709,46.424503],[120.356981,46.424793],[120.353331,46.42489],[120.348823,46.425062],[120.346436,46.425296],[120.345265,46.425594],[120.344084,46.426054],[120.342157,46.427039],[120.339296,46.428346],[120.336069,46.42991],[120.333922,46.430982],[120.332847,46.431607],[120.33239,46.43193],[120.331248,46.433016],[120.330818,46.433582],[120.330166,46.434677],[120.329572,46.436647],[120.328211,46.441304],[120.328096,46.441782],[120.327793,46.443257],[120.327703,46.443856],[120.327699,46.445126],[120.327687,46.445511],[120.328016,46.447736],[120.32825,46.449173],[120.328442,46.451171],[120.328378,46.451655],[120.328232,46.452256],[120.32808,46.452594],[120.32774,46.453388],[120.32723,46.454074],[120.326278,46.454997],[120.322764,46.458259],[120.320972,46.459903],[120.320095,46.46074],[120.317717,46.462621],[120.313496,46.465462],[120.311687,46.466761],[120.311031,46.467292],[120.310013,46.468239],[120.309012,46.469433],[120.308315,46.470519],[120.307488,46.47212],[120.30623,46.474825],[120.305725,46.475722],[120.305271,46.476377],[120.302753,46.479292],[120.294917,46.48801],[120.29452,46.488384],[120.293485,46.489222],[120.292733,46.489695],[120.287138,46.492482],[120.286988,46.492557],[120.286126,46.493071],[120.285397,46.493556],[120.284297,46.494448],[120.282449,46.496143],[120.27938,46.498728],[120.277474,46.500418],[120.276248,46.501364],[120.27464,46.502323],[120.273189,46.502998],[120.272406,46.503314],[120.267875,46.505145],[120.266004,46.505949],[120.259644,46.508496],[120.258733,46.508858],[120.256936,46.50963],[120.254456,46.510622],[120.252421,46.511501],[120.251283,46.512101],[120.250194,46.512739],[120.234328,46.524186],[120.233812,46.524603],[120.233273,46.525076],[120.23288,46.525486],[120.232592,46.525822],[120.232371,46.526103],[120.229459,46.530538],[120.229188,46.530926],[120.228857,46.531324],[120.22852,46.531706],[120.228204,46.531994],[120.227816,46.532297],[120.227512,46.532515],[120.22718,46.532706],[120.226746,46.532955],[120.226332,46.533156],[120.225799,46.533372],[120.225202,46.533593],[120.216787,46.536515],[120.215603,46.536957],[120.21484,46.537294],[120.214054,46.537676],[120.213211,46.538163],[120.212396,46.538691],[120.211398,46.539373],[120.210682,46.539842],[120.210043,46.540219],[120.209431,46.540561],[120.20848,46.541039],[120.20744,46.541541],[120.187857,46.550885],[120.186944,46.551273],[120.186116,46.551594],[120.185233,46.551894],[120.184184,46.552207],[120.183167,46.552467],[120.181697,46.55278],[120.179043,46.553274],[120.177396,46.553611],[120.176111,46.553907],[120.174568,46.55429],[120.173504,46.554586],[120.164277,46.557398],[120.163393,46.557639],[120.162474,46.557854],[120.161502,46.558026],[120.16029,46.558183],[120.143577,46.559824],[120.142914,46.559916],[120.142202,46.560041],[120.141501,46.560233],[120.141061,46.560401],[120.140469,46.560664],[120.13992,46.560972],[120.139456,46.561301],[120.139041,46.56167],[120.138543,46.562165],[120.132559,46.568332],[120.131932,46.568952],[120.131127,46.569642],[120.130305,46.570249],[120.129524,46.57077],[120.128715,46.571253],[120.127803,46.571739],[120.126567,46.572331],[120.106506,46.58104],[120.105582,46.58148],[120.104736,46.581955],[120.10393,46.582485],[120.103303,46.582973],[120.102829,46.583396],[120.098505,46.587235],[120.097813,46.587904],[120.097234,46.588558],[120.096752,46.589209],[120.096408,46.58973],[120.096077,46.590332],[120.095816,46.59091],[120.095608,46.591487],[120.095457,46.592148],[120.095356,46.592795],[120.095297,46.593373],[120.095294,46.593828],[120.095383,46.594279],[120.095533,46.594775],[120.095782,46.595232],[120.096124,46.595689],[120.0965,46.596053],[120.096998,46.59643],[120.098165,46.59725],[120.105048,46.601628],[120.110456,46.604935],[120.111355,46.605533],[120.111977,46.606039],[120.112439,46.606508],[120.11285,46.606992],[120.113163,46.607504],[120.113402,46.60805],[120.11355,46.60851],[120.113678,46.609068],[120.114743,46.61392],[120.114823,46.614514],[120.114844,46.615024],[120.114835,46.615587],[120.114771,46.61612],[120.114669,46.616634],[120.114531,46.617189],[120.114376,46.617664],[120.114128,46.61827],[120.110706,46.625415],[120.110572,46.625769],[120.110444,46.626197],[120.110405,46.626555],[120.110372,46.62714],[120.110404,46.627529],[120.110502,46.627988],[120.110665,46.628473],[120.112226,46.632743],[120.112645,46.633781],[120.113035,46.634637],[120.113486,46.635544],[120.113982,46.636448],[120.114636,46.637435],[120.115587,46.638755],[120.116955,46.640541],[120.11752,46.64136],[120.117853,46.641911],[120.11812,46.642396],[120.118386,46.642973],[120.118594,46.6435],[120.118794,46.644112],[120.118915,46.644687],[120.119013,46.645208],[120.119073,46.645668],[120.119041,46.646207],[120.11894,46.646738],[120.118763,46.647214],[120.118522,46.647716],[120.118282,46.648109],[120.117683,46.648833],[120.116811,46.649546],[120.116188,46.649968],[120.11553,46.650338],[120.114592,46.650717],[120.103126,46.654131],[120.08677,46.659046],[120.0832,46.660176],[120.080054,46.661388],[120.075847,46.663228],[120.070706,46.665568],[120.058063,46.671332],[120.057447,46.671597],[120.0562,46.672084],[120.054095,46.672797],[120.042558,46.676276],[120.024101,46.681963],[120.023071,46.682296],[120.022545,46.682487],[120.022087,46.682664],[120.021604,46.682874],[120.021225,46.683055],[120.020655,46.683334],[120.019471,46.684026],[120.018528,46.684577],[120.014102,46.687165],[120.013541,46.687526],[120.012957,46.687931],[120.012503,46.688325],[120.0122,46.688651],[120.011946,46.68896],[120.011673,46.689366],[120.01148,46.689714],[120.011313,46.690144],[120.011108,46.690877],[120.010858,46.69202],[120.009454,46.698233],[120.006481,46.712034],[120.006237,46.713844],[120.006156,46.715262],[120.006206,46.716603],[120.006544,46.721161],[120.006944,46.724861],[120.007136,46.726386],[120.007267,46.727063],[120.007545,46.728007],[120.008477,46.730641],[120.008699,46.73129],[120.008808,46.731884],[120.008794,46.73238],[120.008682,46.732899],[120.008432,46.733455],[120.00806,46.733965],[120.00774,46.734311],[120.007307,46.734681],[120.00697,46.734943],[120.00603,46.735443],[120.003644,46.736428],[120.000816,46.737603],[120.000063,46.737962],[119.999482,46.738316],[119.998978,46.73871],[119.99846,46.739221],[119.997197,46.740638],[119.995056,46.743105],[119.994641,46.74375],[119.994444,46.744251],[119.994291,46.744808],[119.993954,46.746616],[119.993809,46.747507],[119.993581,46.748284],[119.993222,46.749042],[119.992698,46.749887],[119.992021,46.750725],[119.991619,46.751115],[119.990696,46.75181],[119.989877,46.752343],[119.98786,46.753436],[119.985898,46.754405],[119.984797,46.755034],[119.984111,46.755543],[119.983598,46.756039],[119.981576,46.758473],[119.981023,46.759066],[119.980468,46.759539],[119.979967,46.759867],[119.97926,46.760238],[119.978506,46.760535],[119.977883,46.760731],[119.975449,46.761391],[119.974309,46.761766],[119.973649,46.76207],[119.972271,46.762865],[119.970971,46.763618],[119.969427,46.764405],[119.968023,46.765093],[119.966579,46.765694],[119.964446,46.766527],[119.96205,46.767249],[119.96138,46.767492],[119.960734,46.767772],[119.960078,46.76813],[119.959484,46.768566],[119.959014,46.768963],[119.958536,46.769481],[119.958092,46.77013],[119.957825,46.770715],[119.957638,46.771372],[119.957589,46.772149],[119.957672,46.772777],[119.958045,46.7739],[119.958682,46.775487],[119.959241,46.776901],[119.960324,46.77957],[119.961409,46.782331],[119.961748,46.782861],[119.962166,46.783369],[119.962654,46.783843],[119.963952,46.785158],[119.965484,46.786669],[119.968212,46.789393],[119.969265,46.790437],[119.969683,46.790862],[119.970221,46.791558],[119.970645,46.792256],[119.970952,46.792961],[119.971157,46.793682],[119.971414,46.795054],[119.972069,46.799066],[119.972523,46.801375],[119.972672,46.802267],[119.972919,46.804005],[119.972945,46.805056],[119.972841,46.805922],[119.97264,46.806817],[119.971055,46.813054],[119.970189,46.816453],[119.969717,46.818434],[119.969645,46.818915],[119.969622,46.819683],[119.96962,46.820065],[119.969697,46.820926],[119.969774,46.822368],[119.969744,46.823093],[119.969621,46.823978],[119.969332,46.82503],[119.969038,46.826186],[119.968966,46.826787],[119.968938,46.828481],[119.968869,46.829037],[119.968705,46.829612],[119.968456,46.83017],[119.968086,46.830735],[119.96715,46.831872],[119.96659,46.832589],[119.966005,46.83352],[119.965454,46.834319],[119.964995,46.834844],[119.963684,46.835955],[119.963151,46.836578],[119.962864,46.837166],[119.962641,46.838056],[119.962355,46.838862],[119.961735,46.839989],[119.96139,46.84072],[119.961226,46.841189],[119.960945,46.842384],[119.960684,46.843063],[119.960433,46.843521],[119.959966,46.844193],[119.959204,46.845041],[119.959066,46.845199],[119.958961,46.845364],[119.958809,46.845604],[119.958695,46.846032],[119.958689,46.846521],[119.958844,46.846975],[119.959119,46.847372],[119.959982,46.848304],[119.960781,46.849219],[119.963468,46.851884],[119.963965,46.852549],[119.964133,46.853036],[119.964207,46.853291],[119.964246,46.853742],[119.964282,46.854532],[119.964477,46.85526],[119.964706,46.855836],[119.965218,46.856965],[119.965401,46.85752],[119.965446,46.857787],[119.965445,46.858273],[119.965402,46.858519],[119.965245,46.859078],[119.965117,46.85971],[119.965132,46.860172],[119.965235,46.860607],[119.965467,46.861041],[119.965796,46.861476],[119.966207,46.861841],[119.966955,46.862354],[119.967585,46.862885],[119.967986,46.863404],[119.968221,46.863933],[119.968303,46.86428],[119.968305,46.864618],[119.968306,46.86476],[119.968143,46.86566],[119.968059,46.866224],[119.967949,46.867697],[119.968001,46.87127],[119.968062,46.875926],[119.96811,46.880566],[119.968081,46.881109],[119.968022,46.881576],[119.967882,46.882106],[119.967691,46.882585],[119.967397,46.883103],[119.966831,46.883825],[119.96583,46.88487],[119.965282,46.885528],[119.965035,46.885898],[119.964778,46.886389],[119.964559,46.886984],[119.964417,46.887692],[119.963957,46.890795],[119.96379,46.891321],[119.963638,46.891634],[119.963406,46.892002],[119.962673,46.892723],[119.962461,46.892991],[119.962299,46.89321],[119.962189,46.893418],[119.962102,46.893657],[119.962062,46.893828],[119.962048,46.894012],[119.962077,46.894775],[119.96206,46.896453],[119.962052,46.896699],[119.962049,46.896845],[119.962025,46.897632],[119.961422,46.898875],[119.959608,46.9023],[119.959033,46.903061],[119.958497,46.903556],[119.957867,46.903986],[119.957257,46.904331],[119.95643,46.904679],[119.956253,46.904717],[119.955693,46.904905],[119.955601,46.904926],[119.954781,46.90511],[119.953482,46.905231],[119.953043,46.905242],[119.952672,46.905236],[119.952334,46.905217],[119.952072,46.905197],[119.9517,46.90516],[119.951355,46.905117],[119.950459,46.905031],[119.949426,46.90496],[119.94844,46.905024],[119.947487,46.90516],[119.946468,46.905446],[119.945824,46.905718],[119.945171,46.906082],[119.9445,46.906577],[119.943874,46.907173],[119.943343,46.907833],[119.943043,46.908327],[119.94276,46.908905],[119.942531,46.909626],[119.942452,46.910117],[119.942431,46.910733],[119.942561,46.912041],[119.942535,46.912469],[119.94239,46.912943],[119.941794,46.914189],[119.941123,46.915246],[119.940491,46.916542],[119.940332,46.916918],[119.940222,46.917205],[119.940116,46.917525],[119.940176,46.917996],[119.940182,46.918453],[119.940276,46.919254],[119.94029,46.920027],[119.940178,46.920593],[119.939845,46.921446],[119.93966,46.922025],[119.939512,46.923199],[119.939359,46.923639],[119.939086,46.924076],[119.938355,46.924841],[119.938073,46.925291],[119.937914,46.925685],[119.937868,46.926044],[119.937903,46.926482],[119.937999,46.926834],[119.93822,46.927205],[119.938753,46.92785],[119.939287,46.928408],[119.94008,46.929253],[119.941295,46.930523],[119.941843,46.931071],[119.942307,46.931444],[119.943824,46.932314],[119.944524,46.932823],[119.945019,46.933257],[119.945294,46.933613],[119.946571,46.935412],[119.949265,46.939356],[119.949823,46.940041],[119.950071,46.940515],[119.950252,46.940974],[119.950353,46.941437],[119.950427,46.94197],[119.950356,46.943155],[119.949864,46.948286],[119.949711,46.948794],[119.949475,46.949262],[119.94911,46.949738],[119.940894,46.957094],[119.94045,46.957491],[119.939847,46.958112],[119.939325,46.958844],[119.938952,46.959582],[119.938743,46.960323],[119.938671,46.960992],[119.938753,46.961829],[119.938906,46.962416],[119.938919,46.962466],[119.939212,46.963118],[119.939643,46.963784],[119.940089,46.964287],[119.941082,46.965334],[119.943935,46.96796],[119.944385,46.968473],[119.944878,46.969245],[119.945117,46.969805],[119.94528,46.970463],[119.946331,46.976665],[119.94684,46.979825],[119.946935,46.980555],[119.946966,46.98167],[119.946872,46.982672],[119.946682,46.98365],[119.946326,46.984818],[119.944284,46.989535],[119.944083,46.990098],[119.943988,46.99049],[119.944053,46.991198],[119.944156,46.992037],[119.944413,46.992776],[119.944764,46.993419],[119.945802,46.995115],[119.947828,46.998584],[119.948054,46.998998],[119.948252,46.999436],[119.948352,46.999715],[119.948428,47.000068],[119.9485,47.000459],[119.948531,47.000838],[119.948501,47.001256],[119.948434,47.001632],[119.948306,47.002098],[119.948148,47.002499],[119.947897,47.002951],[119.947591,47.003402],[119.947327,47.003735],[119.946975,47.004097],[119.946453,47.004549],[119.939765,47.009363],[119.939015,47.00978],[119.938325,47.010143],[119.937648,47.010451],[119.936899,47.010755],[119.936249,47.010991],[119.935588,47.011187],[119.933383,47.011818],[119.931437,47.012384],[119.930982,47.01254],[119.930456,47.012736],[119.930144,47.012891],[119.929759,47.013091],[119.929151,47.013495],[119.928809,47.013781],[119.92842,47.014177],[119.928078,47.014611],[119.925024,47.019194],[119.92447,47.020205],[119.924121,47.021096],[119.92388,47.022065],[119.923793,47.022645],[119.923747,47.023331],[119.923774,47.023989],[119.923874,47.024805],[119.924993,47.029824],[119.925116,47.030719],[119.925056,47.031495],[119.924841,47.032229],[119.924557,47.032812],[119.924074,47.033498],[119.923566,47.034025],[119.922767,47.034646],[119.922298,47.034949],[119.921232,47.035495],[119.919086,47.036305],[119.916931,47.037088],[119.915328,47.037733],[119.914654,47.038108],[119.91405,47.038568],[119.913627,47.03901],[119.913263,47.039493],[119.913005,47.040026],[119.912821,47.040623],[119.912744,47.041308],[119.912217,47.046526],[119.912085,47.047977],[119.911932,47.048772],[119.911567,47.049534],[119.911082,47.050109],[119.910476,47.050582],[119.909772,47.050962],[119.908373,47.051563],[119.90754,47.051947],[119.906758,47.052427],[119.906029,47.053043],[119.905697,47.053384],[119.905407,47.053754],[119.905121,47.0542],[119.904785,47.055035],[119.904692,47.0554],[119.904652,47.055724],[119.904638,47.056058],[119.904658,47.056409],[119.904744,47.056957],[119.904842,47.057617],[119.904877,47.058],[119.904874,47.058383],[119.904848,47.058658],[119.90478,47.059021],[119.904686,47.059383],[119.904535,47.05978],[119.904377,47.060121],[119.904183,47.060442],[119.903916,47.060841],[119.903645,47.061187],[119.90339,47.061462],[119.90308,47.061754],[119.902766,47.062017],[119.902062,47.062554],[119.901705,47.062872],[119.901496,47.063072],[119.901335,47.063288],[119.901195,47.063509],[119.901064,47.063783],[119.900982,47.064004],[119.900931,47.064224],[119.900901,47.06447],[119.900901,47.06474],[119.900936,47.064995],[119.901034,47.065284],[119.901249,47.065701],[119.90151,47.066069],[119.901716,47.066312],[119.901926,47.066506],[119.902239,47.066759],[119.902626,47.067064],[119.902923,47.067325],[119.90311,47.067525],[119.903433,47.067944],[119.903618,47.068392],[119.903709,47.068943],[119.903659,47.06943],[119.903463,47.069914],[119.903134,47.070376],[119.90269,47.070799],[119.902065,47.071225],[119.899722,47.072443],[119.897376,47.07366],[119.896825,47.074052],[119.896445,47.074481],[119.896184,47.074912],[119.896032,47.075354],[119.895987,47.075852],[119.896113,47.076487],[119.896458,47.077111],[119.896934,47.077598],[119.898468,47.078664],[119.899011,47.079119],[119.899323,47.079526],[119.899609,47.080046],[119.899743,47.080536],[119.89976,47.081178],[119.899622,47.081741],[119.899358,47.082269],[119.899026,47.082707],[119.897805,47.083846],[119.897362,47.084366],[119.897093,47.084806],[119.896936,47.085202],[119.896835,47.085696],[119.896843,47.086231],[119.896923,47.087214],[119.896912,47.087862],[119.896792,47.088532],[119.896512,47.089281],[119.896167,47.089876],[119.895788,47.090392],[119.894835,47.091391],[119.894363,47.09191],[119.894019,47.092444],[119.893806,47.09299],[119.8937,47.093578],[119.893733,47.094082],[119.893825,47.094528],[119.894221,47.095518],[119.894404,47.096055],[119.894501,47.096654],[119.89448,47.097196],[119.894372,47.097727],[119.893952,47.098884],[119.893814,47.09941],[119.893791,47.099825],[119.893866,47.100344],[119.894084,47.100914],[119.894437,47.101422],[119.894906,47.101868],[119.895478,47.102265],[119.895976,47.102517],[119.897556,47.103144],[119.898072,47.103427],[119.898408,47.103667],[119.898671,47.103907],[119.899029,47.104318],[119.899287,47.10481],[119.899399,47.105332],[119.899419,47.105724],[119.899373,47.106035],[119.899245,47.106648],[119.899188,47.106975],[119.899201,47.107332],[119.899302,47.107672],[119.900022,47.108998],[119.900271,47.109695],[119.900576,47.111041],[119.900875,47.111826],[119.901473,47.112888],[119.901785,47.113548],[119.901922,47.11411],[119.901983,47.114877],[119.902016,47.115371],[119.902094,47.115807],[119.902358,47.116351],[119.902672,47.116767],[119.903139,47.11718],[119.903385,47.117334],[119.903629,47.117482],[119.903903,47.117622],[119.904152,47.117737],[119.904502,47.117871],[119.905106,47.118097],[119.905421,47.118222],[119.905639,47.118312],[119.9059,47.118434],[119.906337,47.118697],[119.906546,47.118849],[119.906748,47.119006],[119.906935,47.11918],[119.907134,47.119406],[119.907296,47.11961],[119.90744,47.119836],[119.907542,47.12002],[119.907674,47.120274],[119.908207,47.121496],[119.908736,47.122351],[119.90939,47.123118],[119.910128,47.123771],[119.911408,47.124768],[119.914234,47.126919],[119.915445,47.127777],[119.916222,47.128274],[119.91874,47.129765],[119.921091,47.131318],[119.922231,47.132174],[119.923384,47.133068],[119.925418,47.134747],[119.930371,47.138981],[119.931597,47.140037],[119.932053,47.140451],[119.932999,47.141207],[119.936222,47.144028],[119.936784,47.144578],[119.937274,47.145129],[119.937742,47.145769],[119.938,47.146164],[119.938303,47.146734],[119.938541,47.147284],[119.938753,47.147831],[119.938802,47.147956],[119.939332,47.149228],[119.939569,47.149941],[119.939805,47.150717],[119.940065,47.151752],[119.940343,47.153091],[119.940506,47.15428],[119.940598,47.155326],[119.940636,47.156298],[119.940637,47.157263],[119.940593,47.158306],[119.940522,47.158524],[119.940242,47.160495],[119.939978,47.161839],[119.939389,47.165116],[119.939114,47.166565],[119.938948,47.16757],[119.936615,47.167396],[119.9362,47.168626],[119.935658,47.170331],[119.935627,47.170416]],"type":"LineString"}},{"type":"Feature","properties":{"fromId":"aershan","toId":"aershan-park","scenic":true,"distanceKm":74},"geometry":{"coordinates":[[119.935627,47.170416],[119.935583,47.170533],[119.935491,47.170728],[119.935395,47.170878],[119.935052,47.171356],[119.937957,47.171635],[119.938166,47.1717],[119.937981,47.172671],[119.937561,47.174868],[119.937536,47.174999],[119.937504,47.175162],[119.937349,47.176089],[119.937169,47.177022],[119.93665,47.179928],[119.936001,47.183408],[119.935604,47.185443],[119.935038,47.188343],[119.934969,47.188718],[119.934908,47.189047],[119.934834,47.18967],[119.934662,47.191695],[119.934592,47.192086],[119.934481,47.192487],[119.934442,47.192589],[119.93438,47.192755],[119.934233,47.193073],[119.934028,47.193464],[119.93373,47.19395],[119.933263,47.194721],[119.932688,47.195479],[119.932597,47.195593],[119.93208,47.19624],[119.931579,47.196899],[119.93138,47.19716],[119.93096,47.19763],[119.93066,47.19787],[119.93003,47.19826],[119.92409,47.20178],[119.92348,47.20221],[119.92307,47.20261],[119.92257,47.20335],[119.92254,47.20344],[119.92181,47.20458],[119.92138,47.20536],[119.92111,47.20594],[119.91878,47.21033],[119.9178,47.21213],[119.91773,47.21224],[119.91736,47.21282],[119.916865,47.2135],[119.91667,47.213748],[119.91624,47.2143],[119.9152,47.2156],[119.913039,47.218398],[119.90818,47.22469],[119.9078,47.22516],[119.90723,47.22578],[119.90644,47.22654],[119.90021,47.23199],[119.89941,47.2326],[119.89869,47.23306],[119.89769,47.23356],[119.89706,47.23382],[119.88985,47.2367],[119.88376,47.2392],[119.88334,47.23941],[119.88247,47.23998],[119.88093,47.24136],[119.87889,47.24317],[119.87835,47.24362],[119.87755,47.24411],[119.87583,47.24484],[119.874534,47.24536],[119.866451,47.248751],[119.8649,47.24946],[119.86396,47.24997],[119.858972,47.252805],[119.854528,47.255273],[119.854105,47.255557],[119.853739,47.255914],[119.853567,47.256178],[119.853312,47.256766],[119.853112,47.257215],[119.852931,47.257593],[119.852747,47.257853],[119.852421,47.258155],[119.852072,47.258411],[119.84926,47.26001],[119.8472,47.26116],[119.84346,47.26335],[119.841356,47.264541],[119.838354,47.266297],[119.837951,47.26659],[119.837528,47.267],[119.837192,47.267417],[119.835381,47.270266],[119.83401,47.27235],[119.83352,47.27296],[119.833021,47.273413],[119.832542,47.273789],[119.82917,47.27644],[119.828166,47.277256],[119.827827,47.277626],[119.827429,47.278094],[119.82552,47.28057],[119.82492,47.28114],[119.82303,47.28241],[119.822416,47.282196],[119.822053,47.282088],[119.821522,47.281961],[119.820673,47.281775],[119.820303,47.281713],[119.820196,47.281852],[119.81933,47.282446],[119.817817,47.283807],[119.816669,47.285197],[119.815936,47.286464],[119.816266,47.286658],[119.819471,47.288711],[119.819761,47.288883],[119.820075,47.289054],[119.820394,47.2892],[119.820748,47.289341],[119.821058,47.289448],[119.82156,47.28959],[119.821959,47.289676],[119.822302,47.289737],[119.822758,47.289783],[119.823206,47.289809],[119.823592,47.289811],[119.82393,47.289799],[119.824348,47.289758],[119.824836,47.289707],[119.825293,47.28964],[119.827665,47.289254],[119.828031,47.289199],[119.828439,47.289151],[119.828778,47.289131],[119.829155,47.289135],[119.82943,47.289153],[119.82974,47.289182],[119.830025,47.289231],[119.830352,47.289314],[119.830649,47.289416],[119.830882,47.289512],[119.8311,47.289613],[119.831362,47.289752],[119.831843,47.290025],[119.832716,47.29062],[119.83347,47.291144],[119.834093,47.291561],[119.835615,47.2926],[119.836262,47.293071],[119.836615,47.293359],[119.83691,47.293641],[119.837136,47.293877],[119.837458,47.294259],[119.837805,47.294689],[119.838572,47.295676],[119.838898,47.296025],[119.839322,47.296451],[119.83963,47.296721],[119.839968,47.296997],[119.84029,47.29724],[119.841095,47.297808],[119.84471,47.300263],[119.847931,47.30245],[119.84846,47.302783],[119.84914,47.303098],[119.849594,47.303235],[119.85007,47.303321],[119.850657,47.303384],[119.851049,47.303392],[119.851434,47.303379],[119.85197,47.303336],[119.852637,47.303245],[119.853231,47.303159],[119.855186,47.302874],[119.856726,47.30269],[119.857311,47.302631],[119.858191,47.302604],[119.858999,47.3026],[119.859694,47.302618],[119.860394,47.302651],[119.861077,47.302716],[119.86254,47.302939],[119.863468,47.303136],[119.869801,47.304617],[119.87028,47.304729],[119.870712,47.30483],[119.876718,47.306226],[119.877403,47.306359],[119.878124,47.306467],[119.878827,47.306542],[119.879554,47.306592],[119.880573,47.306599],[119.881538,47.306561],[119.882307,47.306487],[119.883101,47.306358],[119.884272,47.306111],[119.886117,47.305569],[119.887058,47.305284],[119.888272,47.304921],[119.888973,47.304734],[119.889531,47.304629],[119.889732,47.304651],[119.890321,47.304604],[119.890991,47.304567],[119.89192,47.304588],[119.892717,47.304653],[119.893382,47.304778],[119.897812,47.305784],[119.898487,47.305889],[119.89933,47.30593],[119.900123,47.305864],[119.900962,47.305707],[119.906806,47.304259],[119.907856,47.304034],[119.909053,47.303846],[119.910225,47.30374],[119.911228,47.303698],[119.912509,47.30376],[119.913768,47.303901],[119.915297,47.304233],[119.917674,47.304888],[119.921536,47.305953],[119.941716,47.31145],[119.942793,47.311812],[119.943747,47.31222],[119.947068,47.313799],[119.960503,47.320187],[119.967429,47.322544],[119.96987,47.323253],[119.970698,47.323521],[119.973949,47.324813],[119.974466,47.325094],[119.974832,47.325408],[119.979018,47.329915],[119.979383,47.330245],[119.979727,47.330545],[119.980086,47.330789],[119.980483,47.331026],[119.980869,47.331207],[119.981348,47.331385],[119.981978,47.331564],[119.982759,47.331726],[119.990057,47.332937],[119.991538,47.333241],[119.992849,47.333541],[119.995564,47.334265],[119.999985,47.335456],[120.00806,47.337655],[120.008615,47.337832],[120.009033,47.33804],[120.015112,47.342056],[120.015508,47.342375],[120.016724,47.34409],[120.017117,47.344397],[120.030659,47.353285],[120.031433,47.353809],[120.036788,47.357432],[120.037619,47.357896],[120.038534,47.358141],[120.056236,47.361801],[120.071159,47.363941],[120.07207,47.36397],[120.072871,47.36394],[120.074161,47.363821],[120.074496,47.363584],[120.083411,47.362784],[120.086323,47.362523],[120.087428,47.362469],[120.08868,47.362496],[120.089883,47.362643],[120.090859,47.362884],[120.103052,47.365926],[120.103822,47.366056],[120.104762,47.366102],[120.105714,47.366064],[120.106835,47.365864],[120.108521,47.365375],[120.115634,47.363308],[120.116441,47.363116],[120.117942,47.362853],[120.118996,47.362726],[120.119825,47.362691],[120.121218,47.3627],[120.144231,47.363566],[120.144909,47.363542],[120.145785,47.363478],[120.150383,47.362894],[120.154267,47.362367],[120.155737,47.362173],[120.157299,47.362051],[120.158741,47.361987],[120.159986,47.361935],[120.168037,47.361807],[120.169436,47.361726],[120.170587,47.36154],[120.171702,47.361296],[120.172899,47.360955],[120.174134,47.360525],[120.175027,47.360106],[120.175851,47.359647],[120.199617,47.344806],[120.202148,47.34324],[120.202289,47.343236],[120.204551,47.341772],[120.205371,47.341149],[120.205896,47.340555],[120.206209,47.339981],[120.206426,47.339335],[120.206774,47.33559],[120.206933,47.334864],[120.207198,47.334169],[120.207754,47.333333],[120.208381,47.332601],[120.209435,47.331723],[120.217327,47.326074],[120.217931,47.325708],[120.226444,47.321233],[120.227224,47.320686],[120.227917,47.320031],[120.228682,47.319074],[120.231971,47.313425],[120.232088,47.312928],[120.231954,47.307418],[120.232024,47.306917],[120.232823,47.303827],[120.232958,47.303486],[120.235586,47.300859],[120.236045,47.300524],[120.246232,47.295186],[120.247458,47.294561],[120.248496,47.294178],[120.250226,47.293829],[120.252209,47.29348],[120.262752,47.291656],[120.264972,47.29098],[120.266423,47.290288],[120.26785,47.289422],[120.269028,47.288342],[120.269706,47.287428],[120.270294,47.286308],[120.270636,47.285129],[120.270866,47.282776],[120.271109,47.281168],[120.271661,47.279891],[120.272651,47.278797],[120.273986,47.277938],[120.276608,47.27686],[120.278729,47.276147],[120.280866,47.275497],[120.282264,47.275276],[120.284086,47.275276],[120.285679,47.275398],[120.287062,47.27532],[120.2882,47.275111],[120.289216,47.274697],[120.290001,47.274322],[120.293168,47.272478],[120.293773,47.272131],[120.293906,47.272054],[120.295056,47.271369],[120.298039,47.26916],[120.298371,47.268994],[120.29879,47.268925],[120.299478,47.2689],[120.306729,47.269385],[120.307283,47.269498],[120.3077,47.269643],[120.307971,47.269872],[120.309158,47.271294],[120.310096,47.27196],[120.3113,47.272482],[120.313367,47.273027],[120.315456,47.273263],[120.317687,47.273443],[120.327852,47.273565],[120.32882,47.273693],[120.329442,47.273849],[120.330183,47.274231],[120.333229,47.276038],[120.333983,47.276348],[120.334651,47.276465],[120.335534,47.276395],[120.340694,47.274932],[120.340933,47.274877],[120.341785,47.274681],[120.344522,47.274148],[120.345093,47.273963],[120.345534,47.273764],[120.34614,47.273383],[120.346514,47.273009],[120.347422,47.27155],[120.347576,47.271257],[120.347662,47.270908],[120.347655,47.269837],[120.347762,47.269485],[120.348033,47.269193],[120.349196,47.268526],[120.349513,47.268442],[120.349848,47.268414],[120.350258,47.268488],[120.363337,47.272433],[120.363816,47.272548],[120.364419,47.272573],[120.364918,47.272517],[120.36929,47.271582],[120.370203,47.271423],[120.371014,47.271393],[120.376456,47.271478],[120.377202,47.271524],[120.383965,47.272194],[120.38472,47.272197],[120.385366,47.27208],[120.385894,47.271864],[120.395675,47.267188],[120.396282,47.266975],[120.396883,47.266896],[120.39741,47.266903],[120.398015,47.26699],[120.409592,47.269051],[120.410255,47.269276],[120.410789,47.269569],[120.411275,47.270062],[120.414497,47.27598],[120.416745,47.28023],[120.417238,47.281076],[120.417475,47.281482],[120.41859,47.282661],[120.41977,47.283476],[120.4255,47.28681]],"type":"LineString"}},{"type":"Feature","properties":{"fromId":"aershan","toId":"manzhouli","scenic":false,"distanceKm":489,"via":"呼伦湖"},"geometry":{"type":"LineString","coordinates":[[119.935627,47.170416],[119.935583,47.170533],[119.935491,47.170728],[119.935395,47.170878],[119.935052,47.171356],[119.93475,47.171904],[119.934524,47.172588],[119.937619,47.173104],[119.93755,47.173496],[119.93745,47.174062],[119.937344,47.174663],[119.937561,47.174868],[119.937536,47.174999],[119.937504,47.175162],[119.937349,47.176088],[119.937169,47.177022],[119.93665,47.179927],[119.936001,47.183408],[119.935604,47.185443],[119.935038,47.188343],[119.934969,47.188718],[119.934908,47.189047],[119.934834,47.18967],[119.934662,47.191694],[119.934592,47.192086],[119.934481,47.192487],[119.934442,47.192589],[119.93438,47.192755],[119.934233,47.193073],[119.934028,47.193464],[119.93373,47.19395],[119.933263,47.194721],[119.932688,47.195479],[119.932597,47.195593],[119.93208,47.19624],[119.931579,47.196899],[119.93138,47.19716],[119.93096,47.19763],[119.93066,47.19787],[119.93003,47.19826],[119.92409,47.20178],[119.92348,47.20221],[119.92307,47.20261],[119.92257,47.20335],[119.92254,47.20344],[119.92181,47.20458],[119.92138,47.20536],[119.92111,47.20594],[119.91878,47.21033],[119.9178,47.21213],[119.91773,47.21224],[119.91736,47.21282],[119.916864,47.2135],[119.91667,47.213748],[119.91624,47.2143],[119.9152,47.2156],[119.913039,47.218398],[119.90818,47.22469],[119.9078,47.22516],[119.90723,47.22578],[119.90644,47.22654],[119.90021,47.23199],[119.89941,47.2326],[119.89869,47.23306],[119.89769,47.23356],[119.89706,47.23382],[119.88985,47.2367],[119.88376,47.2392],[119.88334,47.23941],[119.88247,47.23998],[119.88093,47.24136],[119.87889,47.24317],[119.87835,47.24362],[119.87755,47.24411],[119.87583,47.24484],[119.874534,47.24536],[119.86645,47.248751],[119.8649,47.24946],[119.86396,47.24997],[119.858972,47.252805],[119.854528,47.255273],[119.854105,47.255557],[119.853739,47.255914],[119.853567,47.256178],[119.853312,47.256766],[119.853112,47.257215],[119.852931,47.257593],[119.852747,47.257853],[119.852421,47.258155],[119.852072,47.258411],[119.84926,47.26001],[119.8472,47.26116],[119.84346,47.26335],[119.841356,47.264541],[119.838353,47.266297],[119.837951,47.26659],[119.837528,47.267],[119.837192,47.267417],[119.835381,47.270266],[119.83401,47.27235],[119.83352,47.27296],[119.833021,47.273413],[119.832542,47.273789],[119.82917,47.27644],[119.828166,47.277256],[119.827827,47.277626],[119.827429,47.278094],[119.82552,47.28057],[119.82492,47.28114],[119.82303,47.28241],[119.822416,47.282196],[119.822053,47.282088],[119.821521,47.281961],[119.820673,47.281774],[119.820303,47.281713],[119.820196,47.281852],[119.81933,47.282446],[119.817817,47.283807],[119.816669,47.285197],[119.815936,47.286464],[119.815744,47.286358],[119.815424,47.286209],[119.815134,47.286081],[119.814715,47.285938],[119.81432,47.285833],[119.81274,47.285572],[119.812603,47.285561],[119.812585,47.285608],[119.812575,47.285634],[119.812466,47.285884],[119.812331,47.286164],[119.812077,47.286573],[119.811725,47.287115],[119.811418,47.287571],[119.810347,47.2891],[119.809315,47.290581],[119.8057,47.295968],[119.80542,47.296341],[119.804803,47.29713],[119.804467,47.297449],[119.804109,47.297757],[119.803281,47.298397],[119.801655,47.299396],[119.800092,47.300366],[119.799241,47.300977],[119.79891,47.301253],[119.798494,47.30167],[119.797592,47.302685],[119.796719,47.303582],[119.796203,47.304053],[119.788742,47.309654],[119.788063,47.310064],[119.786975,47.310563],[119.785666,47.311109],[119.783248,47.312127],[119.782474,47.312504],[119.781961,47.312773],[119.779841,47.314012],[119.778965,47.314492],[119.778058,47.314908],[119.777455,47.315096],[119.776695,47.315306],[119.775545,47.315512],[119.774606,47.315611],[119.773245,47.315653],[119.770299,47.315558],[119.768986,47.315503],[119.76406,47.315239],[119.762981,47.315217],[119.762543,47.315199],[119.762062,47.315239],[119.761321,47.315377],[119.760729,47.315511],[119.760261,47.315667],[119.759799,47.315873],[119.75873,47.316419],[119.75748,47.317059],[119.756726,47.317354],[119.75607,47.317534],[119.755379,47.317688],[119.754491,47.317852],[119.741841,47.319647],[119.741371,47.319727],[119.740471,47.319977],[119.739538,47.320304],[119.738732,47.320698],[119.733261,47.323793],[119.732049,47.32429],[119.731232,47.324547],[119.729851,47.324827],[119.717321,47.326917],[119.716213,47.327032],[119.715669,47.327038],[119.714771,47.326991],[119.714174,47.326906],[119.713571,47.326777],[119.712371,47.326396],[119.711121,47.325993],[119.710502,47.325845],[119.709761,47.325731],[119.708938,47.325672],[119.708353,47.325685],[119.707752,47.325741],[119.701469,47.326235],[119.700844,47.326231],[119.700099,47.326195],[119.699351,47.326085],[119.69842,47.325893],[119.697258,47.325591],[119.694149,47.324865],[119.692825,47.324634],[119.691421,47.324497],[119.69063,47.324439],[119.689542,47.324414],[119.688802,47.324421],[119.687668,47.32448],[119.686206,47.324599],[119.685222,47.324727],[119.684104,47.324947],[119.683231,47.325146],[119.682497,47.325335],[119.681581,47.325588],[119.680351,47.325999],[119.665185,47.33076],[119.663715,47.331243],[119.662294,47.331751],[119.651266,47.336157],[119.636168,47.342212],[119.635479,47.342501],[119.634791,47.342833],[119.63406,47.343239],[119.633154,47.343865],[119.628584,47.347226],[119.624571,47.350221],[119.624127,47.350608],[119.623648,47.351178],[119.623477,47.351468],[119.623367,47.351778],[119.623288,47.352015],[119.623237,47.352283],[119.623249,47.352769],[119.623351,47.35325],[119.623496,47.353669],[119.624155,47.355564],[119.624397,47.356299],[119.624779,47.357437],[119.625529,47.359615],[119.626058,47.36128],[119.626157,47.36165],[119.626355,47.362842],[119.626987,47.36752],[119.627147,47.36809],[119.627447,47.36885],[119.627878,47.36961],[119.631665,47.375946],[119.631984,47.376626],[119.632174,47.377306],[119.632245,47.377996],[119.632234,47.378526],[119.632185,47.378886],[119.631367,47.382464],[119.631175,47.383308],[119.631008,47.384046],[119.630868,47.384606],[119.630612,47.385711],[119.630351,47.38675],[119.63027,47.387156],[119.630171,47.387606],[119.630045,47.38806],[119.629937,47.388538],[119.629763,47.389364],[119.629565,47.390072],[119.629465,47.39056],[119.629382,47.391217],[119.629378,47.391838],[119.629412,47.392199],[119.629482,47.392544],[119.629628,47.393134],[119.630104,47.394224],[119.630503,47.395066],[119.630694,47.395589],[119.630836,47.396136],[119.63097,47.396893],[119.630975,47.397546],[119.630911,47.398263],[119.630663,47.39914],[119.630437,47.399628],[119.630071,47.40031],[119.629627,47.400931],[119.628972,47.401686],[119.628498,47.402124],[119.627478,47.402886],[119.626598,47.403398],[119.625551,47.403891],[119.624113,47.404387],[119.622809,47.404689],[119.621539,47.404898],[119.620143,47.404975],[119.618725,47.404968],[119.617441,47.404859],[119.614631,47.404349],[119.612765,47.403956],[119.609482,47.403349],[119.604606,47.402392],[119.603374,47.402192],[119.602145,47.402026],[119.601181,47.401922],[119.599987,47.401814],[119.598199,47.401724],[119.597387,47.401698],[119.596449,47.401688],[119.595481,47.401708],[119.594626,47.401723],[119.591966,47.40185],[119.590976,47.401933],[119.590033,47.402029],[119.589273,47.40213],[119.58806,47.402345],[119.587239,47.402502],[119.586024,47.402687],[119.584664,47.402872],[119.581964,47.403229],[119.580322,47.4035],[119.578575,47.403761],[119.577305,47.403938],[119.576091,47.404168],[119.57538,47.404338],[119.574766,47.404496],[119.573791,47.404805],[119.573214,47.405014],[119.572676,47.405258],[119.571698,47.405757],[119.570639,47.406368],[119.566599,47.408466],[119.565439,47.409014],[119.564662,47.409441],[119.563857,47.409964],[119.561107,47.412223],[119.559609,47.413777],[119.558728,47.414867],[119.558269,47.415311],[119.557698,47.415777],[119.557391,47.416023],[119.557038,47.416253],[119.556603,47.416515],[119.556027,47.416818],[119.555475,47.41708],[119.554825,47.41734],[119.554145,47.417559],[119.553507,47.417746],[119.552609,47.417955],[119.551705,47.418089],[119.55121,47.41815],[119.550582,47.418189],[119.549744,47.418213],[119.548494,47.418193],[119.544463,47.418089],[119.540448,47.417981],[119.538838,47.417934],[119.537968,47.417891],[119.537251,47.41783],[119.536348,47.417704],[119.535659,47.417589],[119.53509,47.417466],[119.529994,47.416221],[119.527248,47.415559],[119.526304,47.415354],[119.525313,47.415163],[119.524562,47.415094],[119.524111,47.41507],[119.523681,47.415066],[119.522972,47.415089],[119.522417,47.415134],[119.521852,47.415207],[119.521356,47.415308],[119.520566,47.415482],[119.520172,47.415625],[119.519799,47.415758],[119.519158,47.416029],[119.518237,47.416469],[119.513986,47.418622],[119.512669,47.419284],[119.507651,47.421838],[119.505962,47.422742],[119.503613,47.423869],[119.501287,47.425036],[119.500117,47.425627],[119.49905,47.426123],[119.49839,47.42639],[119.497645,47.426639],[119.496767,47.426895],[119.496243,47.427022],[119.495595,47.427166],[119.49422,47.427433],[119.492062,47.427853],[119.486788,47.428892],[119.481601,47.429902],[119.479333,47.430348],[119.477132,47.430783],[119.475924,47.431023],[119.475013,47.431192],[119.474065,47.431415],[119.473437,47.431604],[119.472905,47.431788],[119.471866,47.432223],[119.471121,47.432584],[119.470721,47.43283],[119.469574,47.433635],[119.46832,47.43451],[119.466639,47.435654],[119.465309,47.436581],[119.463277,47.437975],[119.462154,47.438749],[119.461106,47.439506],[119.460587,47.439955],[119.460156,47.440348],[119.459799,47.440731],[119.459453,47.441178],[119.459045,47.44186],[119.458884,47.442176],[119.458733,47.44251],[119.458601,47.442901],[119.45849,47.443315],[119.45845,47.443567],[119.458389,47.44396],[119.458368,47.444405],[119.458397,47.444929],[119.458502,47.445466],[119.458667,47.446024],[119.459001,47.446812],[119.45944,47.447576],[119.460025,47.448549],[119.46031,47.449093],[119.460506,47.449649],[119.460647,47.450261],[119.460728,47.451003],[119.460697,47.451583],[119.460603,47.452304],[119.460393,47.452882],[119.46016,47.453415],[119.459905,47.453912],[119.459538,47.454405],[119.459203,47.4548],[119.458791,47.455243],[119.458398,47.455594],[119.457539,47.456256],[119.456621,47.456845],[119.453451,47.458943],[119.449231,47.461658],[119.447781,47.462451],[119.446344,47.463098],[119.443556,47.464232],[119.441709,47.465015],[119.440775,47.465418],[119.439976,47.465842],[119.439487,47.466167],[119.439075,47.466473],[119.438933,47.466596],[119.438346,47.467102],[119.437529,47.467942],[119.437015,47.468501],[119.43621,47.46935],[119.435474,47.470129],[119.434986,47.47064],[119.434287,47.471386],[119.433798,47.471897],[119.433418,47.472377],[119.433002,47.473059],[119.432788,47.473508],[119.432654,47.473918],[119.432546,47.474348],[119.432486,47.474807],[119.432461,47.475231],[119.432499,47.477824],[119.432547,47.479907],[119.432584,47.481291],[119.432579,47.482881],[119.432699,47.483943],[119.432816,47.484397],[119.43297,47.484887],[119.433198,47.485389],[119.433545,47.486057],[119.43576,47.488974],[119.437055,47.490767],[119.437581,47.491416],[119.438049,47.492123],[119.438292,47.492573],[119.438468,47.492995],[119.438582,47.493348],[119.438659,47.493671],[119.438706,47.493944],[119.438737,47.494297],[119.438744,47.494795],[119.438695,47.495274],[119.438559,47.495866],[119.438357,47.496507],[119.436764,47.501619],[119.436457,47.502491],[119.43606,47.503753],[119.43538,47.505947],[119.433676,47.511342],[119.432808,47.514124],[119.431949,47.516739],[119.431413,47.517814],[119.430497,47.51921],[119.429576,47.520454],[119.426458,47.52485],[119.425946,47.525456],[119.425409,47.526027],[119.424575,47.526741],[119.423679,47.527427],[119.420002,47.529876],[119.415669,47.532801],[119.412847,47.534712],[119.410123,47.536803],[119.407157,47.539305],[119.404949,47.541174],[119.403013,47.542537],[119.401114,47.543623],[119.399418,47.544436],[119.398101,47.544976],[119.395799,47.545774],[119.392174,47.546753],[119.390754,47.547116],[119.389639,47.547392],[119.38561,47.548462],[119.382652,47.549231],[119.380856,47.5497],[119.374781,47.551284],[119.367992,47.553049],[119.361123,47.554844],[119.358965,47.555431],[119.358303,47.555631],[119.357428,47.555904],[119.356031,47.556386],[119.353973,47.55716],[119.350566,47.558604],[119.347809,47.559801],[119.344539,47.561199],[119.341263,47.562621],[119.334405,47.565589],[119.33032,47.567369],[119.328743,47.568105],[119.32713,47.568983],[119.325649,47.569889],[119.324265,47.570837],[119.322567,47.572187],[119.321369,47.573262],[119.320044,47.574677],[119.31904,47.575916],[119.318051,47.577299],[119.317485,47.578233],[119.316982,47.57923],[119.316362,47.580675],[119.315852,47.582332],[119.315592,47.583554],[119.315408,47.584856],[119.315352,47.58619],[119.315358,47.587433],[119.315358,47.591319],[119.315266,47.592637],[119.31497,47.594189],[119.314836,47.59474],[119.314703,47.595184],[119.314442,47.596002],[119.31393,47.597329],[119.313551,47.598154],[119.312873,47.599411],[119.312155,47.600637],[119.309615,47.605168],[119.307111,47.609718],[119.305338,47.612882],[119.304384,47.614673],[119.303806,47.61594],[119.30335,47.61737],[119.303108,47.61858],[119.302759,47.621789],[119.302395,47.625116],[119.301958,47.628952],[119.301776,47.630633],[119.301607,47.631827],[119.301319,47.635189],[119.300748,47.640035],[119.300171,47.64515],[119.300037,47.645884],[119.299797,47.646717],[119.299395,47.647576],[119.298906,47.64835],[119.298353,47.649015],[119.297869,47.649502],[119.297599,47.649753],[119.29676,47.650443],[119.295722,47.651254],[119.295197,47.651669],[119.294963,47.651896],[119.294678,47.652174],[119.294413,47.652493],[119.294211,47.652755],[119.294043,47.653003],[119.293726,47.653548],[119.293419,47.654197],[119.29284,47.655507],[119.292591,47.656091],[119.29226,47.65671],[119.291908,47.657255],[119.291623,47.657678],[119.290561,47.659035],[119.289266,47.660784],[119.288658,47.661435],[119.288194,47.66206],[119.286158,47.664759],[119.284812,47.666304],[119.278716,47.67306],[119.27845,47.673353],[119.275581,47.676585],[119.275131,47.677176],[119.274691,47.677886],[119.274477,47.67832],[119.274323,47.678742],[119.274085,47.679545],[119.268381,47.699668],[119.268011,47.700823],[119.26752,47.701958],[119.267252,47.702551],[119.266952,47.703118],[119.266455,47.704011],[119.265902,47.704888],[119.265121,47.705977],[119.26473,47.706488],[119.264322,47.706958],[119.263682,47.707718],[119.263062,47.708378],[119.262042,47.709358],[119.260752,47.710468],[119.259982,47.711078],[119.258112,47.712378],[119.257182,47.712958],[119.256291,47.713495],[119.254758,47.71432],[119.253077,47.715175],[119.252076,47.715653],[119.230577,47.726355],[119.229683,47.726913],[119.228989,47.727433],[119.228594,47.727771],[119.228196,47.728151],[119.227734,47.728744],[119.227367,47.729278],[119.225243,47.733296],[119.224031,47.734977],[119.223602,47.735367],[119.22315,47.735738],[119.222499,47.736176],[119.221808,47.736572],[119.221106,47.7369],[119.220006,47.737343],[119.218369,47.737964],[119.205634,47.742765],[119.20284,47.74383],[119.201347,47.744399],[119.200423,47.744797],[119.199146,47.745382],[119.197478,47.746223],[119.194284,47.748025],[119.191349,47.749706],[119.189625,47.750672],[119.188389,47.751296],[119.187473,47.751708],[119.186811,47.752006],[119.185953,47.752334],[119.1851,47.752648],[119.184158,47.752965],[119.168608,47.757444],[119.165813,47.758252],[119.163215,47.759056],[119.160613,47.759895],[119.153833,47.762105],[119.153005,47.762339],[119.151931,47.762612],[119.151083,47.762816],[119.129176,47.766805],[119.127109,47.76718],[119.125841,47.767436],[119.125118,47.767607],[119.124297,47.767822],[119.122789,47.768302],[119.121635,47.768753],[119.119966,47.769487],[119.11695,47.770892],[119.102784,47.777492],[119.100478,47.778559],[119.099701,47.778902],[119.09884,47.779242],[119.0974,47.779792],[119.09587,47.780342],[119.07868,47.786122],[119.075514,47.787191],[119.074772,47.787454],[119.074404,47.7876],[119.07412,47.787732],[119.073685,47.78793],[119.07316,47.788212],[119.072512,47.788629],[119.071908,47.789079],[119.070455,47.790314],[119.068464,47.792012],[119.067879,47.79244],[119.067452,47.7927],[119.066675,47.793117],[119.065932,47.79344],[119.065001,47.793776],[119.063235,47.79435],[119.06133,47.794961],[119.059617,47.795543],[119.058481,47.795998],[119.057746,47.796296],[119.056936,47.796674],[119.055742,47.797226],[119.053152,47.798354],[119.051722,47.798964],[119.049972,47.799684],[119.04798,47.800468],[119.045934,47.801247],[119.044519,47.801756],[119.042662,47.802401],[119.040681,47.803118],[119.038696,47.803801],[119.037728,47.804139],[119.035946,47.804763],[119.034051,47.805422],[119.027486,47.807708],[119.024178,47.808861],[119.020855,47.810023],[119.020161,47.810263],[119.019574,47.810488],[119.019089,47.810687],[119.018756,47.810829],[119.018307,47.811046],[119.017863,47.81129],[119.017516,47.811484],[119.017207,47.811683],[119.016739,47.812007],[119.016219,47.812431],[119.01581,47.812812],[119.015332,47.813298],[119.014928,47.813796],[119.014513,47.814398],[119.013857,47.815383],[119.013236,47.816343],[119.012777,47.817029],[119.012354,47.81769],[119.011203,47.819383],[119.010967,47.819711],[119.010634,47.820102],[119.009831,47.820908],[119.009082,47.821511],[119.00844,47.821946],[119.007929,47.822269],[119.007305,47.822624],[119.005463,47.823614],[119.00274,47.825063],[118.992869,47.830373],[118.987305,47.833347],[118.981705,47.836341],[118.974716,47.840076],[118.973944,47.840448],[118.973072,47.840833],[118.972378,47.841125],[118.971616,47.841401],[118.97071,47.841683],[118.970086,47.841852],[118.969359,47.842023],[118.968857,47.842137],[118.968163,47.842265],[118.967233,47.842405],[118.966524,47.842497],[118.965484,47.84258],[118.964862,47.842608],[118.964141,47.842618],[118.963205,47.84261],[118.962684,47.84259],[118.962152,47.842562],[118.961532,47.842528],[118.960746,47.842463],[118.959246,47.842316],[118.957716,47.842168],[118.955452,47.841998],[118.953593,47.841872],[118.95267,47.841846],[118.951185,47.841814],[118.950002,47.841809],[118.94839,47.841814],[118.946538,47.841846],[118.934328,47.842074],[118.922118,47.842326],[118.920629,47.842341],[118.918652,47.842383],[118.913089,47.842496],[118.910505,47.842538],[118.907669,47.842603],[118.89692,47.842807],[118.891529,47.842915],[118.888806,47.842979],[118.887422,47.842995],[118.886016,47.843018],[118.884598,47.843051],[118.883168,47.84308],[118.88124,47.843107],[118.879329,47.843155],[118.865359,47.843424],[118.861896,47.843497],[118.86011,47.843568],[118.858199,47.84366],[118.854729,47.843888],[118.85195,47.844136],[118.849987,47.844331],[118.848103,47.84453],[118.845655,47.844772],[118.842607,47.845096],[118.840232,47.845288],[118.838894,47.845463],[118.830625,47.846221],[118.830275,47.846257],[118.827547,47.846545],[118.825675,47.846816],[118.823519,47.84725],[118.820926,47.847849],[118.815726,47.849032],[118.812362,47.849791],[118.804573,47.851562],[118.803941,47.851708],[118.797083,47.853256],[118.795584,47.853618],[118.794578,47.853876],[118.79368,47.854175],[118.792405,47.854676],[118.791469,47.855095],[118.790223,47.855808],[118.788843,47.856728],[118.788056,47.857358],[118.781623,47.86246],[118.765256,47.875423],[118.742867,47.893165],[118.705014,47.923104],[118.702364,47.925185],[118.694213,47.931629],[118.672247,47.948971],[118.648981,47.967322],[118.648065,47.967944],[118.647242,47.968421],[118.646017,47.969031],[118.644471,47.969636],[118.642952,47.970106],[118.641828,47.970375],[118.630211,47.972868],[118.623098,47.974434],[118.617419,47.975648],[118.614837,47.976276],[118.61325,47.976748],[118.612039,47.977159],[118.610827,47.977603],[118.608855,47.978443],[118.606919,47.979359],[118.584298,47.990244],[118.578005,47.993271],[118.574378,47.994943],[118.571155,47.996244],[118.568195,47.997295],[118.563303,47.998892],[118.562545,47.999171],[118.560115,47.999943],[118.5536,48.00209],[118.552734,48.002369],[118.551653,48.002676],[118.550174,48.003031],[118.54856,48.003317],[118.546706,48.003541],[118.545824,48.003583],[118.544687,48.003632],[118.533013,48.003745],[118.532027,48.003809],[118.530797,48.003969],[118.529862,48.004164],[118.528935,48.004411],[118.528062,48.004723],[118.526717,48.005355],[118.513822,48.012286],[118.51102,48.013768],[118.509124,48.014801],[118.507501,48.015748],[118.506255,48.016599],[118.505534,48.017158],[118.504463,48.018077],[118.503692,48.018818],[118.502663,48.019978],[118.502385,48.020321],[118.499882,48.02341],[118.499022,48.024419],[118.493589,48.030911],[118.492614,48.0321],[118.491679,48.033052],[118.490899,48.033833],[118.489397,48.035324],[118.485837,48.038078],[118.484079,48.039459],[118.482304,48.040864],[118.479162,48.043322],[118.477344,48.044746],[118.468356,48.051814],[118.460441,48.058076],[118.459222,48.059083],[118.458132,48.060113],[118.457545,48.06072],[118.456819,48.061537],[118.456323,48.062155],[118.455387,48.063443],[118.453645,48.066126],[118.452172,48.068297],[118.449919,48.071743],[118.449209,48.072968],[118.44877,48.073953],[118.448476,48.074713],[118.448143,48.075754],[118.44711,48.080258],[118.446925,48.080913],[118.446734,48.081437],[118.446244,48.082358],[118.44566,48.083174],[118.445032,48.083871],[118.444389,48.084492],[118.442778,48.085933],[118.430439,48.097005],[118.429143,48.098049],[118.428467,48.098537],[118.427062,48.099462],[118.425838,48.100168],[118.42521,48.100505],[118.424656,48.100789],[118.415693,48.105098],[118.412483,48.106578],[118.408442,48.108519],[118.401266,48.111915],[118.399175,48.112826],[118.398032,48.113292],[118.391342,48.115736],[118.388526,48.116744],[118.38577,48.117825],[118.383201,48.118944],[118.381348,48.1198],[118.37836,48.121334],[118.356618,48.13285],[118.355308,48.133663],[118.354817,48.134032],[118.353888,48.134748],[118.353257,48.135308],[118.352667,48.135888],[118.351361,48.137407],[118.345839,48.143917],[118.335981,48.155505],[118.335064,48.156401],[118.334493,48.156866],[118.334239,48.157059],[118.332845,48.157927],[118.331105,48.158878],[118.329488,48.159827],[118.327673,48.160738],[118.321198,48.163904],[118.317187,48.165926],[118.316323,48.166339],[118.31606,48.166475],[118.315606,48.166706],[118.289246,48.180087],[118.286015,48.181675],[118.285286,48.18209],[118.284465,48.182606],[118.283865,48.183069],[118.283385,48.183539],[118.28309,48.183864],[118.282555,48.184572],[118.282052,48.185455],[118.281161,48.187176],[118.279847,48.1897],[118.278366,48.192501],[118.277166,48.194821],[118.276236,48.196558],[118.275561,48.197864],[118.274298,48.200405],[118.272865,48.203139],[118.271206,48.205689],[118.270478,48.207148],[118.269489,48.209465],[118.268714,48.211372],[118.268564,48.211742],[118.268338,48.212301],[118.267242,48.212081],[118.266348,48.211893],[118.266315,48.211925],[118.265906,48.211862],[118.265157,48.211747],[118.264897,48.21172],[118.264782,48.211755],[118.264261,48.211718],[118.263998,48.211757],[118.263832,48.211732],[118.263697,48.211839],[118.263579,48.211879],[118.262578,48.211844],[118.262405,48.212284],[118.262224,48.212746],[118.261899,48.213449],[118.261588,48.214166],[118.261304,48.214899],[118.261074,48.215545],[118.253417,48.214167],[118.24865,48.213314],[118.243449,48.212358],[118.240524,48.211855],[118.240101,48.211817],[118.239645,48.211745],[118.229892,48.209966],[118.21914,48.208021],[118.216579,48.207558],[118.215854,48.207409],[118.214987,48.207228],[118.214057,48.206962],[118.213334,48.206709],[118.209855,48.205131],[118.209577,48.205096],[118.209294,48.205101],[118.209096,48.205167],[118.208844,48.205275],[118.207719,48.206322],[118.205766,48.208081],[118.203043,48.210077],[118.200767,48.211656],[118.198192,48.213214],[118.19021,48.217632],[118.178515,48.22398],[118.167658,48.229984],[118.164568,48.23157],[118.161907,48.232943],[118.158431,48.234529],[118.153818,48.236487],[118.144162,48.240374],[118.122253,48.249234],[118.106825,48.255435],[118.103285,48.256935],[118.099036,48.258921],[118.094358,48.261292],[118.087149,48.265206],[118.067691,48.275816],[118.064489,48.277568],[118.062349,48.278615],[118.059924,48.279737],[118.057044,48.281023],[118.053938,48.282283],[118.050566,48.283519],[118.040488,48.286985],[118.037229,48.288246],[118.034142,48.289531],[118.031224,48.290892],[118.028553,48.292254],[118.024386,48.294611],[118.017737,48.298454],[118.008151,48.303949],[118.005442,48.305436],[118.00309,48.306582],[118.002412,48.306948],[117.998893,48.308546],[117.993357,48.31073],[117.981405,48.315182],[117.972071,48.318635],[117.966299,48.320918],[117.963595,48.322131],[117.960141,48.323815],[117.950184,48.328951],[117.938796,48.334946],[117.935443,48.336643],[117.932986,48.33776],[117.929386,48.339229],[117.926886,48.340095],[117.926753,48.340141],[117.922568,48.341432],[117.919559,48.342256],[117.916485,48.342948],[117.913562,48.343522],[117.912349,48.343714],[117.9103,48.344017],[117.901154,48.345076],[117.893182,48.345964],[117.880441,48.347376],[117.866,48.348977],[117.854676,48.350235],[117.842408,48.351576],[117.832092,48.352695],[117.820977,48.353964],[117.809637,48.355194],[117.797305,48.356539],[117.795775,48.356705],[117.790679,48.357283],[117.785057,48.357887],[117.781398,48.358281],[117.769285,48.359635],[117.758707,48.360776],[117.75415,48.3613],[117.745693,48.362223],[117.741959,48.362644],[117.738526,48.363214],[117.733215,48.364283],[117.711275,48.368816],[117.690825,48.373093],[117.677565,48.375829],[117.675258,48.376414],[117.673788,48.376827],[117.66867,48.378552],[117.652491,48.384331],[117.635776,48.390145],[117.620155,48.395701],[117.607779,48.400057],[117.596263,48.404078],[117.584784,48.408159],[117.582115,48.409114],[117.569199,48.413618],[117.568239,48.413975],[117.565583,48.414933],[117.558049,48.417519],[117.547719,48.421162],[117.545216,48.421955],[117.525567,48.42818],[117.524186,48.428461],[117.523054,48.428696],[117.522084,48.428826],[117.520477,48.428965],[117.499841,48.430468],[117.479231,48.431942],[117.459146,48.43318],[117.420226,48.435563],[117.417893,48.435722],[117.415894,48.435951],[117.414662,48.436154],[117.408519,48.437218],[117.40345,48.438082],[117.396507,48.439261],[117.380719,48.442027],[117.367233,48.444366],[117.358587,48.445884],[117.352317,48.446959],[117.342146,48.448709],[117.321067,48.452368],[117.299987,48.455971],[117.284279,48.458704],[117.279437,48.459546],[117.272561,48.460711],[117.27073,48.461021],[117.263179,48.462335],[117.252159,48.464248],[117.24928,48.464743],[117.247147,48.465106],[117.236135,48.466978],[117.234763,48.467246],[117.233357,48.467567],[117.231997,48.467903],[117.230279,48.468415],[117.228561,48.469016],[117.215127,48.474145],[117.196502,48.481286],[117.173185,48.490224],[117.172182,48.49056],[117.170557,48.490988],[117.168194,48.491454],[117.166833,48.491591],[117.164885,48.491675],[117.127424,48.490902],[117.125805,48.490885],[117.124252,48.490911],[117.12279,48.490988],[117.121263,48.491127],[117.119735,48.491334],[117.118456,48.491577],[117.11689,48.491914],[117.115128,48.492407],[117.113352,48.49303],[117.111799,48.493661],[117.110115,48.4945],[117.10755,48.495997],[117.091822,48.504955],[117.074455,48.514843],[117.066193,48.519582],[117.059787,48.523192],[117.057781,48.524208],[117.055163,48.525288],[117.051569,48.526546],[117.036345,48.531576],[117.032112,48.533004],[117.030433,48.533619],[117.028073,48.534656],[117.025584,48.535931],[116.993033,48.552985],[116.98446,48.557488],[116.979107,48.560278],[116.976553,48.561684],[116.974976,48.562607],[116.973496,48.563694],[116.972401,48.564645],[116.971757,48.565192],[116.970856,48.56615],[116.968721,48.568656],[116.965087,48.573029],[116.964958,48.573186],[116.964183,48.57408],[116.963097,48.575119],[116.962659,48.575542],[116.961501,48.576573],[116.953862,48.581917],[116.952619,48.582825],[116.952274,48.582637],[116.949838,48.584361],[116.94687,48.586442],[116.940922,48.590662],[116.935825,48.59421],[116.935701,48.594299],[116.93352,48.59585],[116.93215,48.59677],[116.93112,48.59734],[116.93028,48.59771],[116.92939,48.59805],[116.92813,48.59844],[116.927758,48.598536],[116.927615,48.598573],[116.92747,48.59861],[116.848526,48.618165],[116.844701,48.619109],[116.836238,48.621206],[116.826124,48.623696],[116.825203,48.624032],[116.824415,48.624416],[116.823771,48.62489],[116.823519,48.625102],[116.823336,48.625256],[116.823048,48.625601],[116.822854,48.62589],[116.822591,48.626305],[116.822383,48.626733],[116.822334,48.63293],[116.82235,48.636906],[116.822326,48.640424],[116.822274,48.645551],[116.822257,48.646458],[116.822259,48.648828],[116.82224,48.649228],[116.821675,48.651188],[116.821223,48.652155],[116.820342,48.65353],[116.819456,48.654916],[116.819167,48.655303],[116.818876,48.655609],[116.818181,48.656204],[116.817856,48.656557],[116.817694,48.656821],[116.817575,48.65715],[116.817536,48.657435],[116.81753,48.658471],[116.817555,48.659666],[116.817482,48.659799],[116.817436,48.659884],[116.817008,48.660675],[116.816942,48.660782],[116.815397,48.663615],[116.814869,48.664581],[116.814821,48.66467],[116.814739,48.664818],[116.815308,48.664956],[116.815256,48.665063],[116.814162,48.667328],[116.815222,48.667564],[116.815631,48.667655],[116.816933,48.665354],[116.820414,48.666224],[116.826012,48.667564],[116.828357,48.668144],[116.8289,48.668278],[116.829035,48.668312],[116.830854,48.668827],[116.835422,48.669986],[116.838808,48.670809],[116.839447,48.670965],[116.840087,48.67112],[116.845659,48.672482],[116.858522,48.677474],[116.862559,48.678933],[116.871952,48.68228],[116.879064,48.684828],[116.879647,48.684992],[116.880324,48.685259],[116.881229,48.685581],[116.88285,48.686157],[116.90685,48.69469],[116.914806,48.697519],[116.920904,48.699687],[116.920167,48.701001],[116.919583,48.702043],[116.919588,48.702397],[116.91976,48.702645],[116.920027,48.702796],[116.927651,48.705551],[116.931996,48.707116],[116.933659,48.707792],[116.934566,48.708306],[116.976778,48.733493],[116.981789,48.737293],[116.996579,48.74867],[116.997012,48.74909],[116.997335,48.749688],[116.997635,48.750077],[116.99821,48.750295],[116.999609,48.750615],[117.0002,48.750947],[117.000908,48.751839],[117.000764,48.752135],[117.000597,48.752478],[117.000455,48.752774],[117.000054,48.753608],[116.999379,48.755015],[116.994599,48.768092],[116.99432,48.769407],[116.994213,48.771033],[116.995972,48.794836],[116.996487,48.797324],[116.998204,48.803076],[116.998236,48.804023],[116.997635,48.805478],[116.989095,48.8159],[116.987797,48.818027],[116.986231,48.819927],[116.98175,48.827403],[116.97596,48.83571],[116.975472,48.836559],[116.975256,48.837305],[116.974958,48.838747],[116.973226,48.847117],[116.972674,48.847495],[116.897305,48.863766],[116.895604,48.864129],[116.898211,48.868865],[116.899815,48.872326],[116.903179,48.880966],[116.91512,48.912347],[116.919572,48.924022],[116.921084,48.927969],[116.921868,48.929985],[116.923639,48.93463],[116.924808,48.93783],[116.925892,48.939972],[116.927168,48.942136],[116.928531,48.944053],[116.930344,48.9463],[116.932168,48.948224],[116.943981,48.959165],[116.951921,48.96656],[116.954935,48.969358],[116.964086,48.977886],[116.969381,48.982822],[116.970151,48.983512],[116.971288,48.984576],[116.972594,48.985762],[116.972771,48.985927],[116.981449,48.994034],[116.983259,48.995671],[116.985233,48.997501],[116.986681,48.999007],[116.988344,49.001168],[116.989063,49.002322],[116.990018,49.00423],[116.990511,49.005419],[116.992561,49.012394],[116.992749,49.013072],[116.992848,49.013429],[116.993816,49.016918],[116.995264,49.021829],[116.996219,49.025234],[116.997625,49.030032],[116.99903,49.034984],[117.000886,49.041265],[117.001712,49.044176],[117.002259,49.046617],[117.002417,49.048456],[117.001936,49.048468],[117.00195,49.04912],[117.00189,49.05046],[117.0017,49.05184],[117.00148,49.05283],[117.00086,49.05489],[116.99983,49.058],[116.99805,49.06369],[116.99764,49.06492],[116.99694,49.06724],[116.99554,49.07156],[116.99542,49.07201],[116.995131,49.072916],[116.99336,49.07846],[116.98746,49.09851],[116.98703,49.10016],[116.98687,49.10108],[116.9868,49.10178],[116.98674,49.10294],[116.986668,49.107457],[116.98664,49.10826],[116.98638,49.11671],[116.98629,49.11738],[116.98581,49.12014],[116.98575,49.12036],[116.9851,49.12417],[116.98415,49.12939],[116.98392,49.13076],[116.98372,49.13237],[116.98379,49.13438],[116.98403,49.13634],[116.9843,49.1377],[116.98469,49.13997],[116.98592,49.14739],[116.98681,49.15353],[116.98691,49.15402],[116.98697,49.15453],[116.98743,49.1575],[116.987662,49.159187],[116.987745,49.159793],[116.987871,49.160708],[116.988456,49.16145],[116.99152,49.18218],[116.991976,49.184898],[116.992426,49.18724],[116.992657,49.18853],[116.993532,49.190918],[116.994138,49.192246],[116.994841,49.193536],[116.995414,49.194406],[116.995903,49.195128],[116.996965,49.196481],[116.997372,49.196979],[116.999009,49.198718],[117.002812,49.202472],[117.007838,49.207519],[117.010231,49.210224],[117.011776,49.21199],[117.01404,49.214948],[117.017323,49.219342],[117.020616,49.223673],[117.022859,49.226686],[117.027118,49.232312],[117.027703,49.233082],[117.029441,49.235384],[117.031109,49.237618],[117.032397,49.239303],[117.033684,49.241033],[117.039263,49.248419],[117.0404,49.249928],[117.039972,49.250066],[117.040218,49.250395],[117.040378,49.250624],[117.04845,49.26124],[117.05005,49.2633],[117.050533,49.264148],[117.050933,49.264778],[117.051423,49.265808],[117.051613,49.266468],[117.051743,49.267338],[117.051773,49.267778],[117.051733,49.268658],[117.051543,49.27138],[117.051573,49.27248],[117.051763,49.27403],[117.052123,49.27561],[117.05248,49.27638],[117.052796,49.277297],[117.054786,49.28177],[117.058413,49.289954],[117.05995,49.29327],[117.061279,49.296445],[117.061508,49.296915],[117.062388,49.298865],[117.06644,49.30786],[117.06727,49.30997],[117.06764,49.31098],[117.06794,49.31171],[117.06838,49.31296],[117.06982,49.31671],[117.07031,49.31808],[117.07089,49.31953],[117.07117,49.32038],[117.07262,49.32422],[117.07341,49.32647],[117.0742,49.32853],[117.074626,49.3296],[117.074944,49.33011],[117.075359,49.330787],[117.07572,49.331219],[117.078826,49.334301],[117.082791,49.338093],[117.083866,49.339121],[117.085606,49.340845],[117.08648,49.341781],[117.087658,49.343315],[117.08833,49.344317],[117.088802,49.345098],[117.090692,49.348229],[117.093002,49.352071],[117.09366,49.35318],[117.099467,49.362912],[117.102728,49.368234],[117.103605,49.36949],[117.106275,49.372978],[117.107901,49.375085],[117.108305,49.375502],[117.108993,49.376016],[117.109206,49.376144],[117.109491,49.376316],[117.109646,49.376395],[117.110073,49.37661],[117.11074,49.37687],[117.11399,49.37794],[117.11495,49.37833],[117.115464,49.378637],[117.115816,49.378876],[117.116135,49.379105],[117.116527,49.379477],[117.116813,49.379415],[117.117192,49.379757],[117.117482,49.380051],[117.117781,49.380373],[117.118261,49.380934],[117.118737,49.38158],[117.119241,49.382457],[117.119821,49.383707],[117.120432,49.385722],[117.120936,49.38716],[117.121505,49.3884],[117.122084,49.389455],[117.123168,49.390987],[117.124289,49.392283],[117.124852,49.39281],[117.126805,49.394458],[117.128313,49.395467],[117.128742,49.395755],[117.129909,49.396429],[117.131386,49.397225],[117.131566,49.397317],[117.137411,49.400327],[117.139782,49.401618],[117.142464,49.403287],[117.144191,49.404404],[117.147185,49.406575],[117.149491,49.408509],[117.150907,49.409828],[117.153268,49.412188],[117.161181,49.420606],[117.161467,49.420911],[117.161706,49.421167],[117.168832,49.428826],[117.170627,49.430735],[117.172177,49.432437],[117.174223,49.434544],[117.174998,49.435377],[117.179523,49.440237],[117.185853,49.446948],[117.188555,49.449904],[117.189732,49.451192],[117.191776,49.453295],[117.195134,49.456922],[117.19589,49.457738],[117.203813,49.466196],[117.216945,49.480217],[117.217444,49.48075],[117.217806,49.481138],[117.227932,49.491974],[117.229605,49.493591],[117.231558,49.495445],[117.233682,49.497382],[117.234476,49.497981],[117.248548,49.508067],[117.252603,49.510923],[117.254062,49.511787],[117.25535,49.512525],[117.257238,49.513542],[117.258826,49.514392],[117.260371,49.515186],[117.262281,49.516064],[117.263847,49.516719],[117.265091,49.517206],[117.278352,49.52236],[117.278949,49.522592],[117.291115,49.527315],[117.290865,49.527583],[117.294652,49.529042],[117.304203,49.532691],[117.310317,49.535044],[117.314784,49.536762],[117.316481,49.537414],[117.321999,49.539509],[117.336649,49.545111],[117.359356,49.553791],[117.362892,49.555128],[117.368885,49.557097],[117.371597,49.557998],[117.372398,49.55825],[117.383746,49.561961],[117.392606,49.564886],[117.39464,49.565702],[117.395922,49.566246],[117.398346,49.567414],[117.401843,49.569322],[117.401943,49.569377],[117.404836,49.570962],[117.411216,49.574432],[117.415763,49.576974],[117.416166,49.57719],[117.416361,49.577286],[117.416775,49.577496],[117.419874,49.579206],[117.420094,49.57933],[117.42088,49.579751],[117.421659,49.580078],[117.42249,49.580314],[117.423072,49.580427],[117.424065,49.580504],[117.424781,49.580489],[117.425645,49.580404],[117.428097,49.579868],[117.428934,49.581514],[117.428998,49.581847],[117.429728,49.582981],[117.430136,49.583687],[117.430709,49.583934],[117.434853,49.582986],[117.437953,49.582288],[117.438444,49.582176],[117.440565,49.581711],[117.441527,49.581493],[117.44244,49.581288],[117.446854,49.580309],[117.449403,49.579743],[117.449505,49.579898],[117.449763,49.580443],[117.451443,49.583742],[117.451532,49.583907],[117.451582,49.583978],[117.451638,49.584038],[117.451709,49.58409],[117.451799,49.584135],[117.451876,49.584163],[117.451969,49.584191],[117.452064,49.584204],[117.45216,49.58421],[117.452264,49.584205],[117.452355,49.584194],[117.452443,49.584176],[117.452544,49.584143],[117.452632,49.584102],[117.452707,49.584052],[117.45277,49.583993],[117.452823,49.583929],[117.452851,49.583868],[117.452865,49.583801],[117.452865,49.583745],[117.452853,49.583679],[117.452825,49.583615],[117.452786,49.583552],[117.45273,49.583496],[117.452655,49.583436],[117.452574,49.58339],[117.452488,49.583352],[117.452394,49.583327],[117.4523,49.583311],[117.45217,49.5833],[117.45204,49.583305],[117.451896,49.583332],[117.451743,49.583385],[117.451225,49.583647],[117.451171,49.583695],[117.451129,49.583762],[117.451106,49.58383],[117.451086,49.583958],[117.451131,49.584092],[117.451143,49.584177],[117.451148,49.584249],[117.451163,49.584403],[117.45116,49.584511],[117.451149,49.584546],[117.451079,49.584628],[117.45094,49.584766],[117.450875,49.584839],[117.450806,49.584904],[117.450743,49.584952],[117.450686,49.58499],[117.450621,49.585022],[117.450545,49.585049],[117.450472,49.585071],[117.449668,49.585217],[117.448728,49.5854],[117.446578,49.585867],[117.447165,49.586973],[117.447736,49.588084],[117.448337,49.589251],[117.448826,49.590199],[117.448875,49.590296],[117.448904,49.590355],[117.44617,49.590968]]}},{"type":"Feature","properties":{"fromId":"manzhouli","toId":"heishantou","scenic":false,"distanceKm":200},"geometry":{"coordinates":[[117.446138,49.590908],[117.445936,49.590953],[117.445732,49.590999],[117.445674,49.590901],[117.445883,49.590854],[117.448656,49.590232],[117.448826,49.590199],[117.451881,49.589548],[117.454854,49.588943],[117.457946,49.58832],[117.460251,49.587847],[117.463874,49.587084],[117.465854,49.586664],[117.470738,49.585599],[117.474018,49.584919],[117.476014,49.584467],[117.480996,49.583018],[117.482831,49.582569],[117.484722,49.582179],[117.486879,49.581731],[117.492473,49.580543],[117.492592,49.580517],[117.497251,49.57962],[117.497419,49.579588],[117.500274,49.578997],[117.500933,49.578838],[117.501293,49.578683],[117.501328,49.578649],[117.501405,49.578613],[117.501488,49.578597],[117.501574,49.578598],[117.501656,49.578617],[117.501902,49.578628],[117.50226,49.578606],[117.514242,49.576133],[117.51517,49.575931],[117.515803,49.575757],[117.516377,49.575556],[117.516736,49.575426],[117.517519,49.575021],[117.51765,49.574952],[117.51834,49.574555],[117.524005,49.570816],[117.527118,49.568771],[117.544303,49.557392],[117.544607,49.55719],[117.559271,49.547478],[117.560675,49.546548],[117.576412,49.536112],[117.577422,49.535467],[117.578203,49.535019],[117.579042,49.534537],[117.579985,49.534056],[117.581266,49.533475],[117.582411,49.533009],[117.583996,49.532441],[117.585595,49.531893],[117.587297,49.531367],[117.589092,49.53089],[117.590603,49.530531],[117.591946,49.530244],[117.593342,49.529963],[117.607575,49.527574],[117.612823,49.526676],[117.613877,49.52647],[117.61452,49.526334],[117.615162,49.526169],[117.616368,49.525791],[117.623668,49.523154],[117.628383,49.521459],[117.629214,49.521124],[117.629933,49.520789],[117.630632,49.520427],[117.631135,49.520125],[117.631866,49.519643],[117.636132,49.516662],[117.641693,49.512777],[117.647464,49.508744],[117.648733,49.507801],[117.649687,49.507023],[117.655523,49.501999],[117.655562,49.501965],[117.655728,49.501825],[117.655915,49.501665],[117.65945,49.498693],[117.66422,49.494561],[117.666024,49.49341],[117.666715,49.492965],[117.667556,49.492494],[117.668777,49.491879],[117.66977,49.491415],[117.670603,49.491062],[117.671867,49.490575],[117.672544,49.490344],[117.673396,49.490068],[117.674252,49.489826],[117.675644,49.489467],[117.676597,49.489249],[117.677347,49.489104],[117.678422,49.488888],[117.679468,49.488729],[117.680735,49.48857],[117.701406,49.486316],[117.702084,49.486254],[117.702905,49.486179],[117.703949,49.486104],[117.704818,49.486056],[117.705942,49.486032],[117.707168,49.486036],[117.70851,49.486082],[117.709712,49.486153],[117.710868,49.486241],[117.712495,49.486432],[117.714317,49.48675],[117.715972,49.487108],[117.717745,49.487573],[117.719321,49.488047],[117.72964,49.491546],[117.730086,49.491697],[117.731262,49.492024],[117.732818,49.492416],[117.734417,49.49274],[117.735946,49.493005],[117.737154,49.493196],[117.739192,49.493377],[117.741014,49.493451],[117.742709,49.493458],[117.744985,49.493377],[117.752462,49.492895],[117.762554,49.492307],[117.770799,49.491893],[117.775104,49.491624],[117.776801,49.491527],[117.817796,49.489096],[117.818905,49.489026],[117.851602,49.4871],[117.85821,49.486669],[117.884337,49.485079],[117.885173,49.485029],[117.891541,49.484652],[117.895862,49.484395],[117.897055,49.484323],[117.905245,49.484017],[117.908972,49.483987],[117.917061,49.484215],[117.967047,49.487116],[117.969973,49.487175],[117.970461,49.48716],[117.970966,49.487094],[117.97147,49.48696],[117.971852,49.486793],[117.972231,49.486601],[117.972569,49.486402],[117.972901,49.486258],[117.973152,49.486189],[117.973409,49.486152],[117.973685,49.486147],[117.973943,49.486168],[117.974203,49.486239],[117.974454,49.486348],[117.974663,49.486527],[117.974857,49.486772],[117.975016,49.48707],[117.975164,49.487418],[117.975427,49.488138],[117.975638,49.488643],[117.975864,49.489167],[117.976189,49.489734],[117.976568,49.490163],[117.976805,49.490374],[117.977139,49.490599],[117.977959,49.490991],[117.97881,49.49143],[117.979178,49.491586],[117.979623,49.491699],[117.980066,49.491773],[117.980675,49.491825],[117.981313,49.491865],[117.981894,49.491897],[117.981928,49.49196],[117.98302,49.493685],[117.990243,49.505143],[117.990533,49.505633],[117.992153,49.508143],[117.993233,49.509913],[117.994063,49.511163],[117.994563,49.512013],[117.998723,49.518573],[117.999773,49.520273],[118.000343,49.521123],[118.001713,49.523333],[118.003943,49.526843],[118.004513,49.527783],[118.005693,49.529603],[118.009103,49.535033],[118.010783,49.537623],[118.013473,49.541923],[118.017153,49.547673],[118.017743,49.548643],[118.025273,49.560513],[118.025403,49.560763],[118.026023,49.561693],[118.030053,49.568033],[118.032123,49.571313],[118.032853,49.572543],[118.033763,49.573903],[118.037073,49.579153],[118.037473,49.579703],[118.037773,49.580033],[118.038293,49.580493],[118.038703,49.580793],[118.039873,49.581513],[118.040393,49.581783],[118.041163,49.582243],[118.042523,49.582973],[118.043313,49.583453],[118.051173,49.587923],[118.065373,49.596083],[118.068333,49.597953],[118.088743,49.611463],[118.091193,49.613063],[118.091713,49.613363],[118.092803,49.613883],[118.094333,49.614383],[118.094653,49.614473],[118.096263,49.614773],[118.103173,49.615863],[118.104513,49.616113],[118.105163,49.616273],[118.106393,49.616673],[118.107253,49.617063],[118.107803,49.617353],[118.108803,49.617983],[118.111733,49.620003],[118.112963,49.620893],[118.130763,49.633233],[118.136443,49.637213],[118.137703,49.638053],[118.141363,49.640623],[118.141883,49.640953],[118.147384,49.644759],[118.147593,49.644903],[118.148553,49.645603],[118.153783,49.649233],[118.154683,49.649853],[118.155693,49.650543],[118.155833,49.650613],[118.156433,49.651063],[118.157363,49.651653],[118.158293,49.652193],[118.159863,49.653013],[118.161753,49.653813],[118.162743,49.654183],[118.193953,49.664653],[118.196663,49.665533],[118.199453,49.666393],[118.221593,49.672703],[118.222593,49.672953],[118.227883,49.674493],[118.231513,49.675503],[118.241463,49.678353],[118.244763,49.679263],[118.247063,49.679843],[118.262453,49.683343],[118.263783,49.683703],[118.265063,49.684113],[118.267173,49.684913],[118.268583,49.685553],[118.282533,49.692273],[118.312343,49.706543],[118.313523,49.707163],[118.314873,49.707993],[118.316383,49.709053],[118.317763,49.710213],[118.325373,49.717653],[118.345543,49.737163],[118.346713,49.738183],[118.347783,49.738913],[118.348713,49.739383],[118.349373,49.739673],[118.351073,49.740323],[118.352153,49.740653],[118.358053,49.742723],[118.360673,49.743773],[118.362573,49.744643],[118.364103,49.745403],[118.373103,49.750083],[118.375833,49.751463],[118.378533,49.752883],[118.380393,49.753813],[118.381583,49.754463],[118.395283,49.761533],[118.396193,49.761963],[118.396803,49.762223],[118.397443,49.762453],[118.398783,49.762803],[118.399833,49.762953],[118.401243,49.763033],[118.402303,49.762983],[118.403993,49.762753],[118.407243,49.762103],[118.412613,49.760943],[118.413613,49.760763],[118.415013,49.760633],[118.416063,49.760643],[118.417103,49.760723],[118.425653,49.761973],[118.427523,49.762203],[118.429763,49.762353],[118.431183,49.762383],[118.433693,49.762343],[118.448193,49.761753],[118.452943,49.761573],[118.454693,49.761543],[118.458743,49.761353],[118.467533,49.761033],[118.468943,49.761003],[118.471793,49.761023],[118.475063,49.761153],[118.484993,49.761813],[118.516573,49.763813],[118.517963,49.763943],[118.519593,49.764223],[118.520493,49.764433],[118.521803,49.764893],[118.522753,49.765333],[118.523803,49.765973],[118.524683,49.766653],[118.525373,49.767313],[118.534993,49.777403],[118.535613,49.777993],[118.537003,49.779433],[118.541963,49.784613],[118.544933,49.787673],[118.546713,49.789583],[118.550803,49.793793],[118.554183,49.797343],[118.559113,49.802403],[118.563873,49.807393],[118.564903,49.808383],[118.565623,49.808953],[118.566843,49.809843],[118.567623,49.810353],[118.568438,49.810804],[118.569283,49.811283],[118.570463,49.811843],[118.571683,49.812343],[118.572933,49.812813],[118.574196,49.813214],[118.575853,49.813663],[118.581932,49.815355],[118.588863,49.817283],[118.590893,49.817903],[118.592553,49.818643],[118.597636,49.821217],[118.599143,49.821819],[118.600149,49.822133],[118.60146,49.822452],[118.604563,49.823053],[118.613288,49.824731],[118.622526,49.826505],[118.637681,49.829403],[118.660022,49.833674],[118.663823,49.834343],[118.677023,49.836853],[118.677763,49.836983],[118.679823,49.837353],[118.680533,49.837493],[118.681693,49.837823],[118.682643,49.838163],[118.683393,49.838493],[118.683903,49.838753],[118.684633,49.839193],[118.686723,49.840693],[118.692383,49.844893],[118.693606,49.845854],[118.694833,49.846793],[118.698653,49.849563],[118.700423,49.850903],[118.705883,49.854893],[118.708193,49.856613],[118.708423,49.856753],[118.713893,49.860813],[118.724373,49.868493],[118.724593,49.868673],[118.733063,49.874863],[118.746203,49.884533],[118.749253,49.886733],[118.753023,49.889523],[118.765983,49.899003],[118.767043,49.899803],[118.769073,49.901263],[118.769703,49.901653],[118.771483,49.902613],[118.772903,49.903213],[118.824073,49.921673],[118.825293,49.922133],[118.825813,49.922393],[118.826043,49.922553],[118.826593,49.923083],[118.826873,49.923463],[118.827013,49.923863],[118.827563,49.927453],[118.827623,49.927693],[118.827883,49.929633],[118.828303,49.932253],[118.828303,49.932483],[118.828403,49.932943],[118.828533,49.933863],[118.829083,49.937293],[118.829203,49.938133],[118.829343,49.938733],[118.829583,49.939323],[118.830073,49.940043],[118.831183,49.941453],[118.831493,49.941783],[118.831853,49.942073],[118.832293,49.942333],[118.832743,49.942553],[118.833698,49.942937],[118.843369,49.945374],[118.847359,49.946454],[118.848589,49.946914],[118.850629,49.947894],[118.851549,49.948264],[118.864769,49.952694],[118.865769,49.952894],[118.866789,49.952924],[118.875499,49.952414],[118.876509,49.952404],[118.877159,49.952454],[118.878079,49.952714],[118.883629,49.954934],[118.885619,49.955674],[118.886339,49.955894],[118.889589,49.956754],[118.908009,49.961264],[118.909709,49.961784],[118.913959,49.963344],[118.914589,49.963534],[118.915229,49.963663],[118.916219,49.963663],[118.926859,49.962644],[118.928579,49.962624],[118.931437,49.962755],[118.941469,49.964743],[118.942809,49.964933],[118.943749,49.964963],[118.944629,49.964933],[118.947179,49.964733],[118.948539,49.964673],[118.950609,49.964733],[118.951989,49.964913],[118.954119,49.965293],[118.960489,49.966534],[118.981339,49.970593],[118.983139,49.970903],[118.985209,49.971173],[118.986879,49.971283],[118.995009,49.971673],[118.995589,49.971653],[118.997369,49.971763],[118.998199,49.971733],[118.998719,49.971603],[118.999169,49.971393],[118.999649,49.970983],[119.003159,49.965413],[119.003599,49.964803],[119.004019,49.964393],[119.004519,49.964043],[119.005129,49.963703],[119.007199,49.962714],[119.007839,49.962484],[119.008549,49.962334],[119.009499,49.962204],[119.010209,49.962194],[119.011789,49.962334],[119.017339,49.962964],[119.018229,49.963004],[119.018779,49.962944],[119.019829,49.962654],[119.026928,49.960198],[119.033619,49.957884],[119.034159,49.957754],[119.034689,49.957704],[119.035429,49.957814],[119.035839,49.958004],[119.036149,49.958264],[119.036399,49.958704],[119.037489,49.962874],[119.037869,49.963803],[119.038419,49.964443],[119.038999,49.964883],[119.039459,49.965133],[119.040729,49.965653],[119.041269,49.965803],[119.042109,49.965893],[119.051409,49.966043],[119.052189,49.966123],[119.052689,49.966253],[119.054049,49.966903],[119.056489,49.968263],[119.057039,49.968733],[119.058959,49.970733],[119.060159,49.971613],[119.061389,49.972193],[119.066839,49.974233],[119.067559,49.974583],[119.068379,49.975173],[119.070829,49.977593],[119.071399,49.978073],[119.072299,49.978653],[119.073059,49.979023],[119.080279,49.981733],[119.080591,49.981826],[119.081799,49.982183],[119.085589,49.983063],[119.086459,49.983343],[119.087479,49.983883],[119.091199,49.986283],[119.092129,49.986723],[119.092949,49.986903],[119.102219,49.988163],[119.102799,49.988313],[119.103319,49.988523],[119.108799,49.991293],[119.109599,49.991663],[119.110429,49.991953],[119.111899,49.992273],[119.118049,49.993313],[119.118639,49.993433],[119.119189,49.993613],[119.119949,49.993983],[119.125659,49.997393],[119.133269,50.001803],[119.142999,50.006933],[119.144289,50.007583],[119.145119,50.007903],[119.146036,50.008084],[119.146939,50.00811],[119.148551,50.007937],[119.150873,50.00776],[119.154251,50.007597],[119.15533,50.007546],[119.157679,50.007514],[119.162545,50.007777],[119.168909,50.008083],[119.170099,50.008053],[119.170849,50.007803],[119.174689,50.005663],[119.179649,50.002983],[119.180199,50.002773],[119.180499,50.002713],[119.181468,50.00265],[119.183579,50.003053],[119.209129,50.009193],[119.218969,50.011483],[119.219692,50.01167],[119.221139,50.012043],[119.222039,50.012323],[119.222592,50.012547],[119.223115,50.012759],[119.223619,50.012963],[119.224829,50.013603],[119.232011,50.019131],[119.248037,50.031678],[119.26067,50.041386],[119.283099,50.058663],[119.285279,50.060173],[119.287059,50.061293],[119.313259,50.077113],[119.314609,50.078033],[119.315489,50.078843],[119.316778,50.080737],[119.325553,50.094351],[119.325799,50.094733],[119.326339,50.095633],[119.327089,50.097283],[119.327639,50.099243],[119.329804,50.111154],[119.330235,50.112867],[119.330872,50.114453],[119.331325,50.115351],[119.33565,50.122214],[119.336279,50.123367],[119.336533,50.124012],[119.336901,50.125233],[119.337061,50.126133],[119.338061,50.135651],[119.338241,50.137359],[119.338453,50.139381],[119.339526,50.14934],[119.339767,50.151578],[119.339784,50.151733],[119.339941,50.152199],[119.34039,50.152831],[119.340949,50.153243],[119.341537,50.153603],[119.341706,50.153672],[119.341919,50.153709],[119.34333,50.154064],[119.356331,50.157848],[119.358627,50.158524],[119.360237,50.159073],[119.377861,50.166592],[119.378616,50.166977],[119.379021,50.167248],[119.379417,50.167717],[119.379631,50.168434],[119.380112,50.170803],[119.383557,50.186183],[119.385696,50.195728],[119.386505,50.199268],[119.38678,50.19986],[119.387047,50.200096],[119.387466,50.200298],[119.387756,50.200382],[119.388374,50.200447],[119.401509,50.200558],[119.40315,50.200572],[119.458544,50.200963],[119.477313,50.201049],[119.478297,50.201049],[119.479226,50.20101],[119.480586,50.200904],[119.481735,50.200796],[119.49555,50.199216],[119.50235,50.198429],[119.527046,50.195572],[119.528168,50.195496],[119.52874,50.195499],[119.530136,50.195621],[119.531342,50.195877],[119.532509,50.19627],[119.533119,50.196556],[119.533905,50.197014],[119.548864,50.208707],[119.55012,50.209667],[119.550572,50.20995],[119.551073,50.210233],[119.551725,50.210535],[119.552421,50.210752],[119.558563,50.212429],[119.559303,50.212616],[119.560624,50.21285],[119.56105,50.212925],[119.561791,50.213008],[119.562556,50.213094],[119.566356,50.213521],[119.566676,50.213557],[119.569441,50.213868],[119.570979,50.214041]],"type":"LineString"}},{"type":"Feature","properties":{"fromId":"heishantou","toId":"linjiang","scenic":false,"distanceKm":176,"via":"五卡—七卡—九卡—室韦"},"geometry":{"coordinates":[[119.570979,50.214041],[119.569441,50.213868],[119.566676,50.213557],[119.566356,50.213521],[119.562556,50.213094],[119.561791,50.213008],[119.56105,50.212925],[119.560624,50.21285],[119.559303,50.212616],[119.558563,50.212429],[119.552421,50.210752],[119.551725,50.210535],[119.551073,50.210233],[119.550572,50.20995],[119.55012,50.209667],[119.548864,50.208707],[119.548332,50.209587],[119.547946,50.210192],[119.547653,50.210936],[119.547562,50.211655],[119.547527,50.211961],[119.547516,50.212774],[119.547484,50.21294],[119.547471,50.213028],[119.547449,50.213116],[119.547368,50.21354],[119.54734,50.21393],[119.54718,50.2163],[119.54714,50.21733],[119.54701,50.21825],[119.54698,50.21907],[119.54694,50.21926],[119.54689,50.22002],[119.54678,50.22118],[119.546734,50.222213],[119.546706,50.222726],[119.54669,50.22297],[119.54659,50.22413],[119.546511,50.225507],[119.546462,50.226245],[119.54642,50.22657],[119.54634,50.22774],[119.54623,50.22845],[119.545657,50.230577],[119.545407,50.231448],[119.5454,50.23149],[119.54508,50.23255],[119.54499,50.23298],[119.54466,50.23407],[119.54453,50.23466],[119.544239,50.235041],[119.543816,50.235412],[119.543262,50.2357],[119.542735,50.235905],[119.539891,50.237138],[119.539426,50.237333],[119.538822,50.237592],[119.537875,50.238001],[119.53758,50.238138],[119.537362,50.238266],[119.537192,50.23838],[119.537026,50.238534],[119.536853,50.238725],[119.53673,50.238961],[119.536658,50.239265],[119.53686,50.24081],[119.53685,50.2409],[119.53692,50.24128],[119.53707,50.24266],[119.53712,50.24287],[119.53727,50.24403],[119.5375,50.24462],[119.53802,50.2457],[119.53833,50.24646],[119.53917,50.24828],[119.54004,50.25004],[119.5402,50.25044],[119.54025,50.25065],[119.54023,50.25111],[119.54018,50.25139],[119.54007,50.25165],[119.539411,50.252661],[119.53917,50.25303],[119.53829,50.25452],[119.53646,50.25739],[119.53592,50.25807],[119.53564,50.25833],[119.53492,50.25914],[119.53447,50.25959],[119.53254,50.26181],[119.53196,50.26242],[119.52998,50.26406],[119.5285,50.26524],[119.528225,50.265483],[119.52799,50.26569],[119.52624,50.2671],[119.52554,50.26771],[119.52514,50.268],[119.522839,50.269873],[119.52213,50.27045],[119.52026,50.27193],[119.51408,50.27698],[119.51192,50.27871],[119.51041,50.27998],[119.51005,50.28024],[119.50822,50.28179],[119.50737,50.28263],[119.50675,50.28334],[119.50623,50.28405],[119.50463,50.28652],[119.50354,50.2881],[119.49717,50.29774],[119.49573,50.29988],[119.49551,50.30009],[119.49522,50.30026],[119.49487,50.30037],[119.49428,50.30042],[119.48842,50.30011],[119.48735,50.30002],[119.48472,50.29992],[119.483716,50.299849],[119.48344,50.29983],[119.48179,50.29983],[119.48037,50.30001],[119.47869,50.30041],[119.476672,50.300964],[119.47417,50.30165],[119.47204,50.30217],[119.46605,50.3038],[119.46417,50.30427],[119.45945,50.30555],[119.45869,50.30572],[119.45816,50.30588],[119.45401,50.30694],[119.44998,50.30801],[119.44853,50.30847],[119.44671,50.30916],[119.44628,50.30935],[119.44408,50.31017],[119.44362,50.31032],[119.44198,50.31098],[119.44171,50.31114],[119.4412,50.31144],[119.44091,50.31166],[119.43962,50.31247],[119.43797,50.31347],[119.437513,50.313713],[119.436773,50.314229],[119.436143,50.314762],[119.435671,50.315312],[119.434636,50.316504],[119.43393,50.31726],[119.433363,50.317797],[119.432762,50.318229],[119.432321,50.318521],[119.43092,50.319336],[119.42965,50.320055],[119.42843,50.320749],[119.427789,50.321132],[119.427542,50.321303],[119.427132,50.321627],[119.42612,50.32267],[119.42593,50.32285],[119.42469,50.32425],[119.42425,50.3247],[119.42377,50.32527],[119.42024,50.32906],[119.420194,50.329113],[119.41924,50.33021],[119.41499,50.3348],[119.41384,50.3361],[119.41348,50.33645],[119.41309,50.33692],[119.40913,50.34122],[119.40894,50.34147],[119.40819,50.34227],[119.407583,50.342988],[119.40748,50.34311],[119.40458,50.34636],[119.40445,50.34647],[119.40403,50.34697],[119.40337,50.34766],[119.40224,50.34897],[119.39929,50.35223],[119.39897,50.35254],[119.39887,50.3527],[119.39865,50.3529],[119.39851,50.3531],[119.39697,50.35476],[119.39688,50.3549],[119.39496,50.35705],[119.39424,50.35789],[119.39385,50.35829],[119.39325,50.359],[119.38905,50.36368],[119.38777,50.36507],[119.38753,50.36528],[119.3871,50.36558],[119.38659,50.36585],[119.38599,50.36609],[119.37316,50.37039],[119.37201,50.37068],[119.36559,50.37246],[119.3652,50.37254],[119.359896,50.374022],[119.35958,50.37411],[119.35802,50.3745],[119.35266,50.37599],[119.34729,50.37745],[119.34633,50.37776],[119.34545,50.37818],[119.344913,50.378491],[119.34424,50.37888],[119.33179,50.3863],[119.33086,50.38683],[119.33036,50.38707],[119.32984,50.38727],[119.32524,50.38883],[119.3241,50.38918],[119.32279,50.38941],[119.31588,50.38994],[119.31543,50.39],[119.31434,50.3903],[119.30374,50.39496],[119.30285,50.39539],[119.30243,50.39571],[119.30223,50.39595],[119.30199,50.39636],[119.30167,50.39708],[119.30147,50.39765],[119.30141,50.39792],[119.30143,50.3982],[119.30166,50.39935],[119.30224,50.40166],[119.30246,50.40221],[119.30297,50.40318],[119.30324,50.40377],[119.3035,50.40438],[119.30376,50.40519],[119.30467,50.40886],[119.30473,50.40923],[119.3051,50.4106],[119.30511,50.41108],[119.30503,50.41151],[119.30485,50.41209],[119.30457,50.41281],[119.30406,50.41434],[119.30329,50.4165],[119.30294,50.41756],[119.30226,50.41947],[119.30087,50.4218],[119.30071,50.42203],[119.30045,50.42232],[119.30021,50.42246],[119.29972,50.42261],[119.298,50.42293],[119.29235,50.42409],[119.29142,50.42423],[119.28751,50.42425],[119.27933,50.42422],[119.27853,50.4243],[119.27793,50.42446],[119.27647,50.42498],[119.26564,50.42906],[119.26503,50.42929],[119.26451,50.42956],[119.2639,50.42997],[119.261211,50.432226],[119.260347,50.432931],[119.259096,50.433889],[119.258925,50.434034],[119.257551,50.435204],[119.256398,50.435687],[119.255968,50.435875],[119.255679,50.436056],[119.254897,50.436501],[119.25276,50.43781],[119.25247,50.43809],[119.25202,50.43882],[119.2518,50.43955],[119.25166,50.44033],[119.25166,50.44068],[119.25173,50.44122],[119.25186,50.4419],[119.25192,50.44244],[119.25202,50.44278],[119.25212,50.44352],[119.25237,50.44408],[119.2527,50.44459],[119.25424,50.44649],[119.25515,50.44772],[119.2555,50.44827],[119.25652,50.45019],[119.25673,50.45053],[119.25717,50.4514],[119.2578,50.45248],[119.25797,50.45289],[119.25932,50.45548],[119.2596,50.45625],[119.25984,50.45765],[119.259884,50.458015],[119.26002,50.45915],[119.26013,50.45969],[119.26026,50.46062],[119.26032,50.46083],[119.26034,50.4613],[119.26045,50.46182],[119.26049,50.46209],[119.26047,50.4622],[119.26051,50.46229],[119.26058,50.46275],[119.26085,50.46474],[119.2612,50.46691],[119.26125,50.46746],[119.2613,50.46765],[119.26149,50.46908],[119.2617,50.47031],[119.26187,50.47164],[119.26215,50.47345],[119.26215,50.47361],[119.2622,50.47381],[119.2623,50.4745],[119.26238,50.47487],[119.26236,50.47493],[119.26241,50.47536],[119.2626,50.47662],[119.26253,50.47695],[119.26228,50.47734],[119.26206,50.47748],[119.26109,50.47793],[119.26071,50.47816],[119.2605,50.47833],[119.26026,50.47863],[119.25997,50.47938],[119.25971,50.48016],[119.25961,50.48035],[119.25893,50.48227],[119.25874,50.48304],[119.25869,50.48354],[119.25859,50.48406],[119.25823,50.48493],[119.2579,50.48551],[119.25713,50.48709],[119.25664,50.48796],[119.25599,50.48868],[119.25491,50.48969],[119.25455,50.49011],[119.2544,50.49047],[119.25436,50.49071],[119.25437,50.49084],[119.25426,50.49148],[119.25427,50.49162],[119.25423,50.49175],[119.25392,50.49429],[119.25371,50.49568],[119.25362,50.49658],[119.25337,50.49748],[119.25317,50.49783],[119.25282,50.49832],[119.25141,50.50004],[119.25075,50.50092],[119.25017,50.50159],[119.24975,50.50215],[119.24956,50.50252],[119.24958,50.50285],[119.24966,50.50309],[119.25001,50.50355],[119.25076,50.50424],[119.25151,50.505],[119.25223,50.50569],[119.252892,50.506177],[119.253444,50.506602],[119.25443,50.50731],[119.25754,50.50899],[119.25771,50.5091],[119.25808,50.50949],[119.25821,50.50975],[119.2583,50.5101],[119.25862,50.51466],[119.25874,50.51586],[119.2588,50.51614],[119.25878,50.51659],[119.2589,50.5172],[119.25903,50.51763],[119.2592,50.51795],[119.25949,50.51837],[119.26001,50.51902],[119.26014,50.51924],[119.26135,50.52075],[119.26181,50.52149],[119.26197,50.52208],[119.26199,50.52231],[119.26199,50.52256],[119.2619,50.52328],[119.2619,50.52474],[119.26194,50.52513],[119.26203,50.52554],[119.26238,50.52661],[119.26244,50.52688],[119.26256,50.52717],[119.26313,50.52906],[119.26352,50.53017],[119.26376,50.53065],[119.26402,50.53102],[119.26735,50.53483],[119.26884,50.53659],[119.26966,50.53749],[119.27026,50.53801],[119.27066,50.53826],[119.27219,50.53912],[119.27267,50.53949],[119.27305,50.53989],[119.27322,50.54012],[119.27341,50.54049],[119.2737,50.54128],[119.27394,50.54203],[119.27414,50.5425],[119.27479,50.54437],[119.27602,50.54769],[119.27622,50.54836],[119.2774,50.55156],[119.27763,50.55211],[119.27772,50.55245],[119.27785,50.55275],[119.27859,50.55486],[119.2793,50.55673],[119.27959,50.55758],[119.27966,50.5577],[119.27995,50.5586],[119.28043,50.55977],[119.28085,50.56057],[119.28419,50.56565],[119.28524,50.56718],[119.28561,50.56763],[119.28807,50.57038],[119.28848,50.57091],[119.28891,50.57163],[119.29018,50.57444],[119.29049,50.57503],[119.29096,50.57573],[119.29202,50.57698],[119.29447,50.57958],[119.29553,50.58078],[119.29674,50.58207],[119.29714,50.58256],[119.29795,50.58341],[119.29898,50.58457],[119.29925,50.58483],[119.30014,50.58584],[119.30093,50.58666],[119.30272,50.58865],[119.30357,50.58949],[119.30432,50.59015],[119.30446,50.59024],[119.30584,50.59143],[119.30777,50.59305],[119.30911,50.59422],[119.30969,50.59465],[119.31014,50.59493],[119.31066,50.59514],[119.31147,50.59533],[119.31519,50.59577],[119.31589,50.59595],[119.31638,50.59616],[119.31712,50.59665],[119.32414,50.60208],[119.32443,50.60227],[119.32667,50.60403],[119.32852,50.60541],[119.33007,50.60632],[119.33195,50.60729],[119.33535,50.60913],[119.33931,50.61122],[119.34131,50.61233],[119.34218,50.61276],[119.34254,50.61302],[119.34272,50.61319],[119.34287,50.6134],[119.34299,50.61373],[119.34298,50.61407],[119.34289,50.61472],[119.34259,50.61656],[119.3426,50.61706],[119.34268,50.6174],[119.34285,50.61785],[119.34373,50.61949],[119.34394,50.6198],[119.34417,50.62009],[119.34455,50.62041],[119.34538,50.62086],[119.34567,50.62104],[119.34625,50.62136],[119.34683,50.62165],[119.34808,50.62235],[119.34824,50.62241],[119.35008,50.62341],[119.35143,50.6241],[119.35487,50.62585],[119.35524,50.62607],[119.35761,50.62729],[119.35791,50.62747],[119.35979,50.6284],[119.36059,50.62875],[119.36202,50.62931],[119.36382,50.62987],[119.36457,50.63002],[119.36545,50.63016],[119.367,50.63035],[119.36747,50.63052],[119.36767,50.63064],[119.36782,50.63079],[119.368,50.63111],[119.36828,50.6326],[119.36847,50.63299],[119.36883,50.63332],[119.36899,50.63344],[119.36917,50.63353],[119.36951,50.63376],[119.36967,50.63383],[119.36981,50.63394],[119.370991,50.634619],[119.37148,50.6349],[119.37284,50.63574],[119.379969,50.640293],[119.38139,50.6412],[119.3817,50.64154],[119.38174,50.64173],[119.38171,50.64204],[119.38161,50.64234],[119.38077,50.64405],[119.38,50.64581],[119.37985,50.64606],[119.3798,50.64623],[119.37972,50.64634],[119.37935,50.6471],[119.37933,50.6472],[119.37887,50.64816],[119.37842,50.64921],[119.3783,50.64961],[119.37826,50.64989],[119.37837,50.65048],[119.37855,50.65086],[119.37875,50.65111],[119.37918,50.6515],[119.37983,50.65199],[119.38064,50.65268],[119.38247,50.65414],[119.38298,50.65459],[119.38562,50.65673],[119.38614,50.65711],[119.3864,50.65737],[119.38694,50.65782],[119.38806,50.6587],[119.38991,50.66023],[119.39058,50.66074],[119.39088,50.66103],[119.39323,50.6629],[119.39368,50.6633],[119.39562,50.66486],[119.39609,50.66521],[119.39663,50.66553],[119.39708,50.66575],[119.39782,50.66604],[119.40059,50.66698],[119.40156,50.66726],[119.40251,50.66762],[119.40364,50.66797],[119.40602,50.66882],[119.40982,50.67009],[119.41293,50.67118],[119.41363,50.67137],[119.41435,50.67151],[119.41514,50.67159],[119.41535,50.67158],[119.41552,50.67159],[119.41777,50.67166],[119.41881,50.67172],[119.41932,50.67178],[119.42016,50.67193],[119.42316,50.67259],[119.424448,50.672836],[119.426752,50.673285],[119.427848,50.673502],[119.429,50.67369],[119.43096,50.67391],[119.43364,50.67404],[119.43585,50.67407],[119.43631,50.67413],[119.43678,50.67426],[119.43719,50.67448],[119.4375,50.67479],[119.43766,50.67501],[119.43794,50.67561],[119.4384,50.67638],[119.43967,50.67833],[119.44029,50.67919],[119.44279,50.68247],[119.44337,50.6832],[119.44415,50.68426],[119.44444,50.68457],[119.44485,50.68492],[119.44562,50.68542],[119.44626,50.6858],[119.44682,50.68602],[119.44737,50.68619],[119.44849,50.68638],[119.44898,50.6864],[119.45034,50.6863],[119.45067,50.68627],[119.45156,50.68616],[119.4528,50.68589],[119.45331,50.68572],[119.454,50.68556],[119.45648,50.68485],[119.45669,50.68478],[119.45716,50.68467],[119.45903,50.68412],[119.45926,50.68408],[119.46101,50.68362],[119.46187,50.68344],[119.46328,50.68323],[119.46559,50.68311],[119.47174,50.68301],[119.47332,50.68301],[119.475,50.68296],[119.47796,50.68297],[119.47834,50.68305],[119.479049,50.683192],[119.479622,50.683316],[119.48044,50.6835],[119.48272,50.68412],[119.48359,50.68438],[119.48471,50.68465],[119.48569,50.68476],[119.48821,50.68489],[119.48876,50.685],[119.48899,50.68512],[119.48925,50.68536],[119.48938,50.68568],[119.48945,50.68752],[119.48961,50.6883],[119.48984,50.68885],[119.49031,50.68956],[119.49189,50.69161],[119.49192,50.69171],[119.49231,50.69224],[119.493,50.6934],[119.49349,50.69437],[119.49365,50.69481],[119.49369,50.69526],[119.49367,50.69564],[119.49352,50.69625],[119.49254,50.69831],[119.49229,50.6991],[119.49228,50.69965],[119.49232,50.7001],[119.49241,50.70064],[119.49239,50.70105],[119.49248,50.70184],[119.49261,50.70218],[119.49277,50.70241],[119.49287,50.7025],[119.49313,50.70269],[119.4933,50.70276],[119.4942,50.70302],[119.49612,50.70341],[119.49685,50.70363],[119.49724,50.70388],[119.49782,50.70456],[119.50175,50.70989],[119.50219,50.71038],[119.50305,50.71111],[119.50326,50.71123],[119.50534,50.71269],[119.5061,50.71327],[119.50674,50.7138],[119.50905,50.71581],[119.50923,50.71594],[119.51042,50.71692],[119.51517,50.72102],[119.52022,50.72529],[119.52088,50.7259],[119.5215,50.72638],[119.52256,50.72733],[119.5228,50.7275],[119.5236,50.72819],[119.52469,50.72918],[119.52577,50.7303],[119.5261,50.73078],[119.52631,50.7312],[119.52638,50.73149],[119.52639,50.73209],[119.52563,50.73581],[119.52561,50.73614],[119.52574,50.73643],[119.52601,50.73669],[119.52662,50.73711],[119.527222,50.737552],[119.528997,50.738752],[119.52998,50.7398],[119.53029,50.74008],[119.530373,50.74014],[119.527843,50.741087],[119.525107,50.74211],[119.525308,50.742345],[119.525093,50.742884],[119.524793,50.743541],[119.52426,50.744873],[119.524014,50.745711],[119.523686,50.746126],[119.523629,50.746198],[119.52344,50.746438],[119.522688,50.746732],[119.522156,50.747112],[119.521646,50.747534],[119.521746,50.747631],[119.521889,50.747743],[119.52208,50.747942],[119.522339,50.748278],[119.516189,50.749907],[119.515264,50.750246],[119.514626,50.750581],[119.51161,50.752268],[119.510817,50.75276],[119.510638,50.752991],[119.5107,50.753355],[119.510995,50.753591],[119.514276,50.7561],[119.518234,50.759223],[119.522269,50.762346],[119.524469,50.764106],[119.524672,50.764337],[119.524835,50.764642],[119.526405,50.767962],[119.528007,50.771473],[119.528295,50.772102],[119.528365,50.772313],[119.528326,50.7725],[119.526576,50.777038],[119.52541,50.779895],[119.525006,50.780986],[119.522569,50.787272],[119.521857,50.790358],[119.520706,50.795617],[119.520668,50.795804],[119.520201,50.797701],[119.519999,50.798266],[119.519665,50.799087],[119.519175,50.800118],[119.519082,50.800335],[119.517457,50.804113],[119.517309,50.804408],[119.515793,50.807892],[119.515161,50.809323],[119.51506,50.809529],[119.513837,50.812139],[119.513337,50.813206],[119.512359,50.815276],[119.512249,50.815499],[119.510852,50.818444],[119.510742,50.818646],[119.508939,50.822431],[119.507257,50.825953],[119.507169,50.826147],[119.507103,50.826467],[119.506696,50.830078],[119.506696,50.830599],[119.506762,50.830926],[119.50707,50.831426],[119.509687,50.835863],[119.510951,50.838009],[119.513359,50.84205],[119.515932,50.846396],[119.516251,50.846736],[119.517625,50.84791],[119.517955,50.848291],[119.518219,50.848687],[119.518307,50.849013],[119.518538,50.849229],[119.521276,50.851499],[119.526268,50.856024],[119.528126,50.858051],[119.531886,50.86191],[119.532931,50.862902],[119.536538,50.866358],[119.539462,50.869176],[119.539836,50.869509],[119.540078,50.869842],[119.540166,50.870057],[119.540089,50.870314],[119.539528,50.872555],[119.539319,50.872944],[119.539132,50.873242],[119.53524,50.877821],[119.531513,50.882261],[119.528918,50.885265],[119.526664,50.888005],[119.5264,50.888317],[119.52353,50.891632],[119.522375,50.893103],[119.522342,50.893443],[119.522463,50.893796],[119.52276,50.894088],[119.523222,50.894344],[119.524212,50.894713],[119.531029,50.89734],[119.533052,50.898138],[119.533327,50.898332],[119.533558,50.898554],[119.537274,50.902486],[119.53745,50.902694],[119.538638,50.90399],[119.539418,50.904684],[119.541397,50.906341],[119.546983,50.911035],[119.55081,50.914279],[119.554328,50.917253],[119.557567,50.920013],[119.577929,50.937235],[119.578835,50.937845],[119.585963,50.940243],[119.590916,50.943097],[119.592305,50.944125],[119.594423,50.946759],[119.596358,50.949413],[119.5971,50.950981],[119.597644,50.953745],[119.597958,50.95617],[119.598097,50.958405],[119.59828,50.959372],[119.604205,50.963759],[119.607769,50.966803],[119.609038,50.967792],[119.615664,50.970777],[119.6156,50.97088],[119.615038,50.971413],[119.614516,50.971907],[119.614651,50.972106],[119.614683,50.972153],[119.614892,50.972336],[119.615466,50.972613],[119.615713,50.972876],[119.615997,50.972687],[119.615675,50.971947],[119.615038,50.971413],[119.6156,50.97088],[119.615664,50.970777],[119.616151,50.970862],[119.616539,50.970786],[119.616939,50.970574],[119.63016,50.962233],[119.632038,50.961013],[119.632614,50.960694],[119.633026,50.960682],[119.633441,50.96077],[119.634269,50.96124],[119.634775,50.961641],[119.635049,50.96233],[119.636429,50.965595],[119.636552,50.965792],[119.636763,50.965928],[119.637237,50.966121],[119.651402,50.971099],[119.651781,50.971276],[119.652082,50.971496],[119.652213,50.971739],[119.652672,50.972982],[119.652891,50.973193],[119.663342,50.980153],[119.664197,50.980589],[119.668978,50.981703],[119.669322,50.981865],[119.669605,50.982105],[119.67319,50.986441],[119.67506,50.988823],[119.675845,50.989242],[119.676872,50.989584],[119.678684,50.990192],[119.681463,50.992283],[119.682248,50.993272],[119.684483,50.99734],[119.687503,51.006729],[119.687926,51.007299],[119.688953,51.007755],[119.699162,51.010758],[119.699705,51.01129],[119.703934,51.017256],[119.704477,51.017636],[119.705651,51.018514],[119.70699,51.019589],[119.708283,51.020296],[119.708826,51.020638],[119.710759,51.022082],[119.714625,51.027933],[119.716135,51.029186],[119.716753,51.029454],[119.718618,51.029341],[119.721114,51.029091],[119.722546,51.02904],[119.723686,51.029414],[119.724532,51.030782],[119.724789,51.031628],[119.72429,51.034885],[119.724471,51.035682],[119.727069,51.039405],[119.729122,51.04157],[119.729847,51.042253],[119.731539,51.043431],[119.733955,51.046545],[119.734317,51.047228],[119.7348,51.050684],[119.735042,51.051102],[119.73921,51.054405],[119.739331,51.055278],[119.738787,51.059151],[119.73915,51.059758],[119.741626,51.062036],[119.741687,51.062606],[119.741747,51.064883],[119.742109,51.065301],[119.743257,51.06625],[119.744531,51.067842],[119.747385,51.071581],[119.750601,51.076458],[119.751188,51.077209],[119.751543,51.077913],[119.751884,51.078976],[119.751665,51.080102],[119.751731,51.081643],[119.752783,51.082538],[119.754614,51.08412],[119.758334,51.08724],[119.760053,51.088766],[119.760821,51.089358],[119.761233,51.089737],[119.761388,51.090141],[119.761912,51.094102],[119.763523,51.102195],[119.763108,51.102814],[119.762038,51.103963],[119.761263,51.104827],[119.760267,51.106119],[119.759488,51.106995],[119.759607,51.1076],[119.760684,51.113089],[119.760855,51.113816],[119.761006,51.114214],[119.761369,51.114432],[119.769508,51.117939],[119.770037,51.118252],[119.770233,51.118489],[119.771607,51.122622],[119.775126,51.133056],[119.777784,51.141556],[119.783265,51.159109],[119.786195,51.165406],[119.790091,51.173862],[119.790121,51.174193],[119.78997,51.174468],[119.789608,51.174648],[119.779475,51.177753],[119.778977,51.17798],[119.77875,51.178217],[119.778554,51.179694],[119.778599,51.180044],[119.781468,51.18703],[119.782903,51.189481],[119.78325,51.189812],[119.783658,51.189992],[119.784217,51.190106],[119.7847,51.190248],[119.785228,51.190484],[119.785666,51.190797],[119.785999,51.191156],[119.787207,51.193768],[119.787373,51.194024],[119.787599,51.194241],[119.796011,51.200142],[119.805543,51.206628],[119.81035,51.209948],[119.813976,51.211998],[119.815242,51.212845],[119.816208,51.213806],[119.817463,51.215245],[119.817957,51.216158],[119.818364,51.21716],[119.819051,51.218564],[119.819287,51.219209],[119.819115,51.219962],[119.818772,51.220795],[119.818761,51.221729],[119.818847,51.222636],[119.818718,51.223174],[119.817699,51.224968],[119.816551,51.22738],[119.815736,51.229221],[119.815307,51.230283],[119.815264,51.231895],[119.815875,51.232856],[119.818461,51.235623],[119.821186,51.238579],[119.823772,51.24134],[119.826819,51.244758],[119.827425,51.245403],[119.830091,51.248371],[119.833449,51.251951],[119.83471,51.253321],[119.835852,51.254563],[119.838502,51.257464],[119.839023,51.258024],[119.840273,51.259317],[119.843631,51.261707],[119.844714,51.262482],[119.845616,51.263117],[119.847568,51.264473],[119.850454,51.266547],[119.851034,51.267145],[119.851211,51.267447],[119.851763,51.268487],[119.852557,51.270091],[119.852836,51.270696],[119.852654,51.271092],[119.852235,51.271528],[119.851323,51.27236],[119.850379,51.2733],[119.850133,51.27385],[119.850218,51.274307],[119.850465,51.274709],[119.851141,51.275161],[119.852426,51.275785],[119.854016,51.27656],[119.856902,51.277971],[119.859306,51.279327],[119.860218,51.280307],[119.86143,51.281709],[119.862782,51.283259],[119.863865,51.283884],[119.868897,51.286165],[119.872191,51.287695],[119.872781,51.288077],[119.874444,51.290775],[119.875442,51.292439],[119.878188,51.297041],[119.880034,51.300026],[119.880871,51.301287],[119.881429,51.30173],[119.882373,51.302173],[119.883982,51.302837],[119.884481,51.303055],[119.88461,51.303165],[119.884679,51.303293],[119.884626,51.303447],[119.884481,51.303665],[119.883708,51.304504],[119.88329,51.305198],[119.883156,51.306063],[119.883429,51.307123],[119.88373,51.308414],[119.883896,51.309064],[119.884191,51.309537],[119.885269,51.310999],[119.886257,51.31232],[119.887388,51.313826],[119.888488,51.315311],[119.889384,51.316515],[119.889513,51.31684],[119.889481,51.317155],[119.889352,51.317357],[119.889218,51.317551],[119.888907,51.317749],[119.888483,51.317917],[119.887995,51.318202],[119.88763,51.318547],[119.88734,51.318989],[119.887168,51.319392],[119.88716,51.319561],[119.887675,51.32523],[119.887883,51.327381],[119.887932,51.327633],[119.888029,51.3279],[119.888615,51.328854],[119.889601,51.330269],[119.890773,51.331938],[119.89166,51.333118],[119.891763,51.333289],[119.891802,51.333354],[119.891921,51.333559],[119.893586,51.333891],[119.894344,51.334066],[119.898842,51.335143],[119.899549,51.335309],[119.899033,51.336433],[119.898884,51.336761],[119.898635,51.337309],[119.898135,51.338416],[119.900273,51.338831],[119.902084,51.339182],[119.902151,51.339078],[119.902745,51.33812],[119.903202,51.33742],[119.903957,51.336196],[119.904881,51.336383],[119.905236,51.336471],[119.905513,51.336515],[119.906094,51.336499],[119.906563,51.336389],[119.90695,51.336263],[119.907522,51.336079],[119.907963,51.336165],[119.909433,51.336615],[119.909528,51.336642],[119.90986,51.336736],[119.914703,51.338115],[119.915503,51.338365],[119.915923,51.338595],[119.915969,51.338647],[119.916063,51.338755],[119.91607,51.338766],[119.916243,51.339075],[119.916313,51.339255],[119.916403,51.339675],[119.916575,51.340062],[119.916753,51.340465],[119.916783,51.340525],[119.917013,51.340715],[119.919183,51.341645],[119.919583,51.341835],[119.919853,51.341935],[119.920034,51.342017],[119.920553,51.342255],[119.920623,51.342265],[119.920883,51.342385],[119.921233,51.342525],[119.923553,51.343495],[119.924403,51.343905],[119.925153,51.344365],[119.925763,51.344805],[119.926603,51.345485],[119.927403,51.346205],[119.927463,51.346295],[119.927633,51.346435],[119.927683,51.346525],[119.928603,51.347415],[119.929263,51.347985],[119.929903,51.348355],[119.930813,51.348725],[119.931513,51.348945],[119.931963,51.349155],[119.932153,51.349325],[119.932503,51.349855],[119.932763,51.350155],[119.934693,51.351995],[119.935323,51.352525],[119.935883,51.353255],[119.936483,51.353795],[119.937033,51.354515],[119.937263,51.354765],[119.937663,51.355095],[119.938313,51.355535],[119.938683,51.355695],[119.938973,51.355765],[119.939293,51.355785],[119.940123,51.355775],[119.940403,51.355865],[119.940443,51.355975],[119.940413,51.356115],[119.940173,51.356355],[119.940013,51.356585],[119.939953,51.356735],[119.939953,51.356885],[119.940033,51.357015],[119.940573,51.357495],[119.941723,51.358395],[119.941983,51.358555],[119.942443,51.358945],[119.942713,51.359235],[119.943193,51.359845],[119.943753,51.360385],[119.944223,51.360765],[119.944583,51.361005],[119.945163,51.361295],[119.945903,51.361535],[119.946088,51.361569],[119.946993,51.361735],[119.947283,51.361815],[119.947413,51.362025],[119.947343,51.362295],[119.947223,51.362555],[119.946773,51.363325],[119.946713,51.363515],[119.946763,51.364565],[119.946713,51.365355],[119.946603,51.366495],[119.946673,51.366895],[119.946763,51.367185],[119.946833,51.367325],[119.946923,51.367645],[119.946903,51.368125],[119.946863,51.368495],[119.946873,51.368745],[119.946877,51.368831],[119.947123,51.36911],[119.94721,51.36917],[119.94761,51.36944],[119.95041,51.37156],[119.95115,51.37209],[119.95132,51.37223],[119.95182,51.37278],[119.95407,51.37577],[119.95566,51.37778],[119.9563,51.37875],[119.95678,51.37937],[119.95923,51.38252],[119.95967,51.38316],[119.95983,51.38334],[119.96041,51.38414],[119.96099,51.38485],[119.963224,51.387816],[119.96337,51.38801],[119.96405,51.38883],[119.96449,51.38952],[119.9646,51.38976],[119.964615,51.389822],[119.96469,51.39013],[119.96481,51.39249],[119.96487,51.39288],[119.96485,51.39304],[119.96489,51.39312],[119.96495,51.39349],[119.9651,51.39375],[119.965319,51.394009],[119.96673,51.39515],[119.96701,51.395445],[119.9671,51.395751],[119.9671,51.396096],[119.96697,51.396383],[119.96645,51.397408],[119.96622,51.397918],[119.96563,51.398989],[119.96562,51.399189],[119.96573,51.399599],[119.96573,51.399599]],"type":"LineString"}},{"type":"Feature","properties":{"fromId":"linjiang","toId":"mordaga","scenic":false,"distanceKm":98,"via":"太平镇"},"geometry":{"coordinates":[[119.96573,51.399599],[119.96587,51.400305],[119.96598,51.400711],[119.96609,51.40111],[119.96648,51.40176],[119.9667,51.40234],[119.96679,51.40246],[119.96723,51.40333],[119.96768,51.40408],[119.9681,51.40489],[119.96829,51.40518],[119.96869,51.40555],[119.96941,51.40608],[119.97021,51.40658],[119.9723,51.4077],[119.97266,51.40794],[119.972871,51.408144],[119.973029,51.408297],[119.973542,51.409546],[119.97364,51.410325],[119.973628,51.410472],[119.973552,51.410837],[119.973427,51.41125],[119.973035,51.412061],[119.973018,51.412095],[119.972818,51.412509],[119.972561,51.412989],[119.972024,51.41399],[119.971039,51.4161],[119.970507,51.41737],[119.970433,51.417801],[119.970499,51.41799],[119.970619,51.418077],[119.975417,51.421445],[119.976226,51.422116],[119.978198,51.427647],[119.978432,51.428138],[119.982613,51.431925],[119.987365,51.436799],[119.98863,51.438105],[119.990565,51.441534],[119.992838,51.445252],[119.993666,51.446222],[119.994305,51.446837],[119.996081,51.448329],[119.996816,51.44894],[119.996914,51.449186],[119.997051,51.450441],[119.997246,51.45106],[119.999023,51.454153],[119.999227,51.454834],[120.000978,51.460216],[120.001214,51.46063],[120.00677,51.46635],[120.006882,51.466565],[120.005205,51.473583],[120.005243,51.474152],[120.006771,51.479256],[120.008059,51.483027],[120.008454,51.484308],[120.008606,51.484486],[120.008858,51.484646],[120.009647,51.485117],[120.010538,51.485655],[120.011951,51.486497],[120.012159,51.486757],[120.012389,51.487157],[120.013026,51.488226],[120.013104,51.488375],[120.013267,51.488683],[120.013501,51.489125],[120.013519,51.489435],[120.013514,51.489789],[120.014026,51.491768],[120.014154,51.492733],[120.014241,51.493074],[120.015682,51.496387],[120.015921,51.496636],[120.016323,51.496849],[120.016656,51.49719],[120.016967,51.497643],[120.017311,51.497833],[120.018272,51.498622],[120.019036,51.49895],[120.019941,51.499039],[120.023466,51.496215],[120.024114,51.495705],[120.02459,51.495527],[120.027945,51.494895],[120.029034,51.494754],[120.030996,51.494884],[120.041207,51.49571],[120.041725,51.495688],[120.042627,51.495542],[120.043143,51.495372],[120.045074,51.494175],[120.045784,51.493702],[120.046424,51.493391],[120.047265,51.49316],[120.047731,51.493061],[120.050375,51.492825],[120.051898,51.492834],[120.052419,51.492912],[120.058345,51.49459],[120.058825,51.494823],[120.059419,51.495267],[120.06228,51.498268],[120.063854,51.499904],[120.064304,51.500195],[120.069176,51.501985],[120.069843,51.502243],[120.070118,51.502373],[120.070397,51.502557],[120.070638,51.502826],[120.071118,51.503554],[120.07127,51.503726],[120.07141,51.503833],[120.071674,51.503921],[120.071986,51.503951],[120.072339,51.503908],[120.072585,51.503811],[120.072859,51.503543],[120.073314,51.502571],[120.073547,51.501831],[120.073648,51.501672],[120.073873,51.501461],[120.074145,51.5013],[120.074374,51.501264],[120.074708,51.50134],[120.075088,51.501605],[120.075557,51.50199],[120.075788,51.50215],[120.077085,51.502737],[120.077538,51.502843],[120.080631,51.503296],[120.082482,51.50351],[120.083074,51.503594],[120.083561,51.503739],[120.086166,51.504923],[120.090517,51.506355],[120.093426,51.507248],[120.095656,51.507989],[120.096227,51.508236],[120.097493,51.508867],[120.098375,51.509268],[120.099288,51.509561],[120.100143,51.509747],[120.100904,51.509974],[120.101575,51.510091],[120.101995,51.510108],[120.104324,51.51007],[120.10536,51.51005],[120.105713,51.51005],[120.106049,51.5101],[120.106547,51.510231],[120.106934,51.510412],[120.107285,51.510643],[120.109188,51.51211],[120.110353,51.512934],[120.110954,51.513103],[120.111501,51.513162],[120.113042,51.51313],[120.114749,51.51313],[120.116412,51.513338],[120.120485,51.513975],[120.121142,51.514043],[120.121494,51.514021],[120.122209,51.513902],[120.126862,51.512932],[120.12919,51.512441],[120.129901,51.512305],[120.130816,51.512229],[120.131504,51.512262],[120.13822,51.512866],[120.139026,51.512844],[120.145397,51.512664],[120.146543,51.512709],[120.147896,51.512824],[120.149246,51.512846],[120.15058,51.512727],[120.156947,51.512306],[120.157781,51.512225],[120.16138,51.51148],[120.16345,51.510907],[120.163891,51.510798],[120.164136,51.510802],[120.164324,51.510823],[120.164684,51.510997],[120.165042,51.511221],[120.165615,51.511624],[120.166117,51.51194],[120.16669,51.512187],[120.167386,51.512297],[120.174985,51.512556],[120.175249,51.512533],[120.17546,51.512463],[120.175642,51.512393],[120.175747,51.5123],[120.175995,51.512137],[120.176197,51.512035],[120.176421,51.51198],[120.176626,51.511982],[120.176806,51.512044],[120.176953,51.512129],[120.177132,51.512251],[120.177389,51.512404],[120.178583,51.512967],[120.178834,51.513058],[120.179331,51.513159],[120.179508,51.513189],[120.17977,51.513197],[120.181841,51.513091],[120.182838,51.513041],[120.183148,51.513097],[120.184003,51.513398],[120.188734,51.514793],[120.189905,51.515032],[120.19038,51.515107],[120.190671,51.515124],[120.192914,51.515205],[120.195538,51.515316],[120.201277,51.515506],[120.208647,51.515765],[120.20902,51.515767],[120.209499,51.515689],[120.210162,51.515535],[120.213086,51.514954],[120.219517,51.51368],[120.227274,51.512172],[120.236346,51.510373],[120.237942,51.509979],[120.246262,51.507776],[120.247287,51.507575],[120.24841,51.507427],[120.250542,51.507148],[120.253708,51.506765],[120.2544,51.506681],[120.25495,51.506574],[120.255151,51.506521],[120.255473,51.506436],[120.255785,51.506323],[120.256056,51.506225],[120.258618,51.504924],[120.259259,51.504684],[120.259203,51.504032],[120.259114,51.502991],[120.259197,51.502597],[120.259627,51.502503],[120.260041,51.502418],[120.260427,51.502338],[120.261551,51.502106],[120.262383,51.501935],[120.262634,51.501903],[120.263019,51.501855],[120.26367,51.501881],[120.267232,51.502242],[120.267983,51.502509],[120.268648,51.50275],[120.269463,51.50287],[120.269742,51.502816],[120.272768,51.502122],[120.273219,51.501908],[120.274206,51.501133],[120.275364,51.500706],[120.278905,51.499317],[120.279291,51.49937],[120.281374,51.499747],[120.281802,51.499824],[120.282304,51.499845],[120.282673,51.49979],[120.283087,51.499509],[120.283277,51.49938],[120.284498,51.498551],[120.284796,51.498349],[120.285837,51.497641],[120.285928,51.49758],[120.286062,51.497639],[120.28698,51.498045],[120.287609,51.497642],[120.28781,51.497513],[120.288075,51.497358],[120.288175,51.4973],[120.288479,51.497151],[120.288625,51.497079],[120.288593,51.496886],[120.288303,51.496625],[120.288035,51.496171],[120.288026,51.495987],[120.291261,51.493567],[120.291812,51.493348],[120.292565,51.49308],[120.297155,51.492377],[120.309776,51.489427],[120.31606,51.479827],[120.316424,51.479054],[120.316532,51.47854],[120.316569,51.478022],[120.316429,51.474825],[120.316424,51.47413],[120.31667,51.473504],[120.317316,51.472487],[120.318204,51.471178],[120.318981,51.470115],[120.31928,51.469726],[120.319622,51.469381],[120.325565,51.465073],[120.326129,51.464599],[120.326497,51.464169],[120.326696,51.463689],[120.326877,51.462535],[120.327224,51.461543],[120.327503,51.460957],[120.327539,51.460538],[120.327408,51.460081],[120.325372,51.457199],[120.325156,51.456746],[120.325122,51.456228],[120.325219,51.455762],[120.326872,51.450581],[120.327016,51.449896],[120.326964,51.447308],[120.326996,51.446413],[120.32718,51.445573],[120.327917,51.443172],[120.328084,51.442555],[120.32806,51.441839],[120.326349,51.436142],[120.326302,51.435394],[120.326396,51.434424],[120.326748,51.431428],[120.326886,51.430867],[120.327157,51.430166],[120.329537,51.426131],[120.329859,51.425549],[120.329977,51.425268],[120.330014,51.424866],[120.329948,51.42442],[120.327922,51.420174],[120.327632,51.419665],[120.327355,51.419296],[120.326428,51.418324],[120.325991,51.417882],[120.325813,51.417479],[120.325691,51.416976],[120.325728,51.415687],[120.325586,51.415162],[120.325253,51.414616],[120.321278,51.411038],[120.320764,51.410584],[120.320301,51.41012],[120.320081,51.409633],[120.32012,51.409089],[120.320379,51.408608],[120.320998,51.408167],[120.323379,51.406847],[120.324038,51.406364],[120.324626,51.405793],[120.325226,51.404901],[120.327665,51.399864],[120.328198,51.398622],[120.328404,51.39798],[120.329631,51.383678],[120.329703,51.382921],[120.329682,51.382295],[120.329506,51.381688],[120.320602,51.363092],[120.320216,51.362435],[120.319669,51.361789],[120.31865,51.360958],[120.317703,51.360333],[120.317189,51.360083],[120.316647,51.359908],[120.31648,51.359884],[120.31672,51.35903],[120.31691,51.35847],[120.31695,51.35822],[120.31789,51.3547],[120.31801,51.35443],[120.3182,51.35417],[120.31843,51.35393],[120.31907,51.35346],[120.32485,51.34978],[120.32527,51.34945],[120.32553,51.34917],[120.32582,51.34882],[120.32601,51.34849],[120.3265,51.34744],[120.32809,51.34441],[120.32831,51.34392],[120.32872,51.34326],[120.32914,51.34277],[120.32947,51.34245],[120.32999,51.34203],[120.33107,51.34134],[120.33199,51.34083],[120.33273,51.34033],[120.33303,51.3401],[120.33366,51.33955],[120.33427,51.33893],[120.3348,51.33828],[120.33512,51.33782],[120.33708,51.33429],[120.33739,51.33386],[120.33765,51.33365],[120.33795,51.3335],[120.33826,51.3334],[120.34028,51.33287],[120.34183,51.33248],[120.34269,51.33234],[120.34336,51.33232],[120.34767,51.33246],[120.3481,51.33244],[120.3485,51.33237],[120.34919,51.3321],[120.35182,51.33087],[120.35236,51.33058],[120.35308,51.33005],[120.35851,51.32549],[120.3588,51.3253],[120.35928,51.32507],[120.36257,51.32392],[120.36301,51.32371],[120.36327,51.32353],[120.36373,51.32308],[120.36519,51.32117],[120.36594,51.32024],[120.36614,51.31992],[120.36733,51.31842],[120.36742,51.31828],[120.36771,51.31794],[120.36806,51.31767],[120.36928,51.31692],[120.37182,51.3154],[120.373,51.31477],[120.37355,51.31464],[120.37504,51.31462],[120.38278,51.31477],[120.3832,51.3148],[120.38524,51.31482],[120.38601,51.31477],[120.38706,51.31466],[120.38729,51.31461],[120.39417,51.31373],[120.39551,51.31368],[120.40247,51.31399],[120.40543,51.31421],[120.4169,51.31539],[120.41807,51.31562],[120.41967,51.316],[120.42033,51.31611],[120.42079,51.31613],[120.42171,51.316],[120.42674,51.31491],[120.42753,51.31462],[120.42893,51.31383],[120.4293,51.31369],[120.42967,51.31359],[120.43027,51.31355],[120.43073,51.31358],[120.43163,51.31357],[120.43206,51.31355],[120.43265,51.31344],[120.43317,51.31328],[120.43365,51.3131],[120.43408,51.31281],[120.43437,51.31258],[120.43489,51.31206],[120.43528,51.31139],[120.43543,51.31088],[120.43604,51.30796],[120.43621,51.30741],[120.43643,51.30702],[120.43666,51.30677],[120.43749,51.30601],[120.43954,51.30422],[120.44121,51.30271],[120.44228,51.30179],[120.44298,51.30131],[120.44355,51.30099],[120.4444,51.30058],[120.44525,51.30026],[120.4461,51.3],[120.44709,51.29976],[120.45529,51.29802],[120.45577,51.29789],[120.45619,51.29773],[120.45659,51.29753],[120.45692,51.2973],[120.45753,51.29676],[120.45939,51.29495],[120.45994,51.29449],[120.46066,51.2941],[120.46114,51.29393],[120.46152,51.29384],[120.46192,51.29382],[120.4622,51.29384],[120.4627,51.29394],[120.46301,51.29407],[120.4635,51.29438],[120.46381,51.2947],[120.46436,51.29584],[120.46448,51.29624],[120.46459,51.29649],[120.46486,51.29683],[120.46498,51.29693],[120.46546,51.29718],[120.46595,51.29737],[120.46749,51.29779],[120.46847,51.29796],[120.46951,51.29793],[120.47037,51.29795],[120.47124,51.29809],[120.47332,51.29854],[120.47441,51.29869],[120.47653,51.29876],[120.4772,51.29873],[120.47935,51.2983],[120.48064,51.29811],[120.48109,51.29802],[120.48188,51.29804],[120.48231,51.29813],[120.48296,51.29833],[120.48361,51.29865],[120.48411,51.29894],[120.48449,51.29911],[120.48492,51.29925],[120.48724,51.29958],[120.48803,51.29973],[120.48927,51.30006],[120.49099,51.3006],[120.49174,51.30077],[120.49227,51.30083],[120.49446,51.30094],[120.49525,51.30088],[120.49658,51.30064],[120.4973,51.30039],[120.49835,51.29994],[120.49883,51.29988],[120.49932,51.29992],[120.50027,51.30012],[120.5007,51.30027],[120.50089,51.30035],[120.50105,51.30046],[120.50118,51.30056],[120.50128,51.30069],[120.50131,51.30083],[120.50128,51.30098],[120.501,51.30158],[120.50095,51.3019],[120.50095,51.30207],[120.50102,51.30239],[120.50121,51.30286],[120.50147,51.30309],[120.50186,51.30325],[120.50347,51.30372],[120.50423,51.30389],[120.5053,51.30406],[120.50814,51.30434],[120.50877,51.30456],[120.50894,51.30467],[120.50922,51.30494],[120.50956,51.30539],[120.50987,51.3062],[120.51026,51.30684],[120.5117,51.30906],[120.51187,51.30947],[120.51188,51.30977],[120.51181,51.31007],[120.51166,51.31036],[120.51145,51.31066],[120.51133,51.31081],[120.51042,51.3116],[120.51023,51.31191],[120.51003,51.31239],[120.50945,51.31445],[120.50923,51.31509],[120.50884,51.31591],[120.50804,51.31743],[120.50791,51.31776],[120.50786,51.31809],[120.50788,51.31826],[120.50799,51.31859],[120.50855,51.31994],[120.50899,51.32078],[120.5098,51.32217],[120.51004,51.32251],[120.51407,51.32647],[120.51455,51.327],[120.51499,51.32757],[120.51551,51.32836],[120.51594,51.32887],[120.51648,51.32936],[120.51743,51.33005],[120.51785,51.33025],[120.51832,51.33042],[120.52644,51.33277],[120.52745,51.33298],[120.52828,51.33303],[120.52908,51.33296],[120.53229,51.33244],[120.53368,51.33227],[120.54092,51.33194],[120.54892,51.33164],[120.54963,51.33159],[120.55115,51.33138],[120.55501,51.33094],[120.55587,51.33081],[120.55659,51.33065],[120.559945,51.329875],[120.561037,51.329655],[120.562114,51.329532],[120.565616,51.329275],[120.569522,51.328978],[120.570181,51.328973],[120.570854,51.329045],[120.57794,51.33008],[120.579597,51.330345],[120.580669,51.330619],[120.583705,51.331611],[120.584263,51.331845],[120.584685,51.332102],[120.58495,51.332408],[120.585135,51.332816],[120.58637,51.34072],[120.58647,51.34106],[120.58654,51.34122],[120.58666,51.34138],[120.58698,51.34167],[120.589693,51.343265],[120.590166,51.343542],[120.591644,51.344411],[120.601672,51.350565],[120.602118,51.350953],[120.60349,51.352325],[120.607,51.355877],[120.612181,51.361148],[120.612632,51.361514],[120.613101,51.361788],[120.61397,51.36211],[120.61498,51.36233],[120.6155,51.3624],[120.61632,51.36242],[120.61827,51.36243],[120.6188,51.3624],[120.61957,51.36226],[120.62069,51.36187],[120.62123,51.36163],[120.621343,51.361569],[120.621736,51.361357],[120.62396,51.35906],[120.62433,51.35876],[120.62477,51.35848],[120.62621,51.35776],[120.62876,51.35657],[120.62949,51.35619],[120.63016,51.35579],[120.63057,51.35549],[120.6315,51.35467],[120.63294,51.35332],[120.63443,51.35201],[120.63947,51.34741],[120.63982,51.34711],[120.6402,51.34685],[120.64105,51.34638],[120.65655,51.33925],[120.65702,51.33899],[120.6577,51.33855],[120.65809,51.33821],[120.66224,51.33439],[120.66241,51.3342],[120.66543,51.33144],[120.66601,51.3308],[120.66629,51.33035],[120.66665,51.32955],[120.66787,51.32721],[120.66837,51.32604],[120.66863,51.325],[120.66921,51.32213],[120.66963,51.32016],[120.66974,51.31982],[120.66983,51.31966],[120.67019,51.31918],[120.67053,51.31889],[120.67091,51.31862],[120.67585,51.31548],[120.67641,51.31503],[120.67674,51.3147],[120.67924,51.31149],[120.6806,51.30967],[120.68289,51.30675],[120.68492,51.30402],[120.68564,51.30313],[120.68807,51.29994],[120.68988,51.2976],[120.69012,51.29725],[120.69203,51.2948],[120.69256,51.29433],[120.69296,51.29403],[120.69341,51.29376],[120.69704,51.29191],[120.69777,51.29148],[120.69822,51.29116],[120.69915,51.29029],[120.70012,51.28927],[120.70106,51.28836],[120.70269,51.2867],[120.70303,51.28638],[120.70357,51.28595],[120.7043,51.28546],[120.70536,51.28493],[120.70636,51.28451],[120.70895,51.28351],[120.71108,51.28263],[120.71134,51.28252],[120.71207,51.28212],[120.71266,51.28166],[120.71995,51.27504],[120.72058,51.27452],[120.72089,51.27433],[120.72152,51.27405],[120.72297,51.2735],[120.742288,51.266306],[120.74303,51.26603],[120.7441,51.26552],[120.7452,51.26478],[120.74619,51.26406],[120.74643,51.26391],[120.74678,51.26378],[120.74693,51.26378],[120.75214,51.26402],[120.75413,51.26414],[120.75547,51.26422],[120.758515,51.264384],[120.76119,51.264461],[120.761337,51.264472],[120.762808,51.264548],[120.762933,51.264559],[120.764914,51.264685],[120.766476,51.26476],[120.7669,51.26478],[120.767068,51.264787],[120.767309,51.264796],[120.768908,51.26486],[120.769244,51.264873],[120.76942,51.26488],[120.769724,51.264882],[120.770004,51.264844],[120.77004,51.264824],[120.770083,51.26481],[120.770131,51.264803],[120.770189,51.264806],[120.770242,51.26482],[120.770287,51.264844],[120.770317,51.264875],[120.770331,51.26491],[120.770328,51.26494],[120.770313,51.264969],[120.770287,51.264995],[120.770159,51.265217],[120.770132,51.265562],[120.771018,51.2656],[120.77161,51.265635]],"type":"LineString"}},{"type":"Feature","properties":{"fromId":"mordaga","toId":"mordaga-park","scenic":true,"distanceKm":24},"geometry":{"coordinates":[[120.77161,51.265635],[120.771018,51.2656],[120.770132,51.265562],[120.77003,51.265557],[120.770075,51.265164],[120.770025,51.265008],[120.769805,51.264949],[120.76942,51.26488],[120.769244,51.264873],[120.768908,51.26486],[120.767309,51.264796],[120.767068,51.264787],[120.7669,51.26478],[120.766476,51.26476],[120.764914,51.264685],[120.762933,51.264559],[120.762808,51.264548],[120.761337,51.264472],[120.76119,51.264461],[120.758515,51.264384],[120.75547,51.26422],[120.75413,51.26414],[120.75214,51.26402],[120.74693,51.26378],[120.74678,51.26378],[120.74643,51.26391],[120.74619,51.26406],[120.7452,51.26478],[120.7441,51.26552],[120.74303,51.26603],[120.742288,51.266306],[120.72297,51.2735],[120.72152,51.27405],[120.72089,51.27433],[120.72058,51.27452],[120.71995,51.27504],[120.71266,51.28166],[120.71207,51.28212],[120.71134,51.28252],[120.71108,51.28263],[120.70895,51.28351],[120.70636,51.28451],[120.70536,51.28493],[120.7043,51.28546],[120.70357,51.28595],[120.70303,51.28638],[120.70269,51.2867],[120.70106,51.28836],[120.70012,51.28927],[120.69915,51.29029],[120.69822,51.29116],[120.69777,51.29148],[120.69704,51.29191],[120.69341,51.29376],[120.69296,51.29403],[120.69256,51.29433],[120.69203,51.2948],[120.69012,51.29725],[120.68988,51.2976],[120.68807,51.29994],[120.68564,51.30313],[120.68492,51.30402],[120.68289,51.30675],[120.6806,51.30967],[120.67924,51.31149],[120.67674,51.3147],[120.67641,51.31503],[120.67585,51.31548],[120.67091,51.31862],[120.67053,51.31889],[120.67019,51.31918],[120.66983,51.31966],[120.66974,51.31982],[120.66963,51.32016],[120.66921,51.32213],[120.66863,51.325],[120.66837,51.32604],[120.66787,51.32721],[120.66665,51.32955],[120.66629,51.33035],[120.66601,51.3308],[120.66543,51.33144],[120.66241,51.3342],[120.66224,51.33439],[120.65809,51.33821],[120.6577,51.33855],[120.65702,51.33899],[120.65655,51.33925],[120.64105,51.34638],[120.64139,51.346698],[120.641615,51.346925],[120.641792,51.347515],[120.642296,51.347877],[120.648551,51.350933],[120.648621,51.351107],[120.648454,51.351472],[120.648247,51.35163],[120.649702,51.35142],[120.650016,51.35143],[120.650439,51.351418],[120.650726,51.351457],[120.650965,51.351563],[120.651096,51.351645],[120.65119,51.351717],[120.651217,51.351894],[120.650461,51.352387],[120.650016,51.353087],[120.649994,51.353429],[120.650123,51.35367],[120.650294,51.353854],[120.650863,51.354182],[120.652682,51.354816],[120.657912,51.356815],[120.659237,51.357224],[120.669215,51.358048],[120.675223,51.359201],[120.680845,51.361117],[120.688205,51.365967],[120.697517,51.369691],[120.700468,51.37105],[120.700178,51.371888],[120.699148,51.372999],[120.698869,51.374098],[120.698891,51.375089],[120.699084,51.375893],[120.699663,51.376656],[120.700479,51.377419],[120.70153,51.378049],[120.702817,51.378524],[120.703858,51.379007],[120.704867,51.379114],[120.705274,51.379281],[120.705725,51.379723],[120.706186,51.380185],[120.706658,51.380674],[120.706905,51.381049],[120.70712,51.381491],[120.707388,51.381893],[120.708139,51.382522],[120.708718,51.382823],[120.710328,51.383808],[120.714721,51.3866],[120.715531,51.38744],[120.7161,51.388126],[120.716792,51.389375],[120.717532,51.391648],[120.717403,51.392267],[120.717902,51.393302],[120.720209,51.398704],[120.720563,51.400765],[120.72067,51.40185],[120.720917,51.40357],[120.721453,51.404587],[120.721453,51.404587]],"type":"LineString"}},{"type":"Feature","properties":{"fromId":"mordaga","toId":"erguna","scenic":false,"distanceKm":219,"via":"林区公路"},"geometry":{"type":"LineString","coordinates":[[120.77161,51.265635],[120.771018,51.2656],[120.770132,51.265562],[120.770159,51.265217],[120.770287,51.264995],[120.770313,51.264969],[120.770328,51.26494],[120.770331,51.26491],[120.770317,51.264875],[120.770287,51.264844],[120.770242,51.26482],[120.770189,51.264806],[120.770131,51.264803],[120.770083,51.26481],[120.77004,51.264824],[120.770004,51.264844],[120.769724,51.264882],[120.76942,51.26488],[120.769244,51.264873],[120.768908,51.26486],[120.767309,51.264796],[120.767068,51.264787],[120.7669,51.26478],[120.766476,51.26476],[120.764914,51.264685],[120.762933,51.264559],[120.762808,51.264548],[120.761337,51.264472],[120.76119,51.264461],[120.758515,51.264384],[120.75547,51.26422],[120.75413,51.26414],[120.75214,51.26402],[120.74693,51.26378],[120.74678,51.26378],[120.74643,51.26391],[120.74619,51.26406],[120.7452,51.26478],[120.7441,51.26552],[120.74303,51.26603],[120.742288,51.266306],[120.72297,51.2735],[120.72152,51.27405],[120.72089,51.27433],[120.72058,51.27452],[120.71995,51.27504],[120.71266,51.28166],[120.71207,51.28212],[120.71134,51.28252],[120.71108,51.28263],[120.70895,51.28351],[120.70636,51.28451],[120.70536,51.28493],[120.7043,51.28546],[120.70357,51.28595],[120.70303,51.28638],[120.70269,51.2867],[120.70106,51.28836],[120.70012,51.28927],[120.69915,51.29029],[120.69822,51.29116],[120.69777,51.29148],[120.69704,51.29191],[120.69341,51.29376],[120.69296,51.29403],[120.69256,51.29433],[120.69203,51.2948],[120.69012,51.29725],[120.68988,51.2976],[120.68807,51.29994],[120.68564,51.30313],[120.68492,51.30402],[120.68289,51.30675],[120.6806,51.30967],[120.67924,51.31149],[120.67674,51.3147],[120.67641,51.31503],[120.67585,51.31548],[120.67091,51.31862],[120.67053,51.31889],[120.67019,51.31918],[120.66983,51.31966],[120.66974,51.31982],[120.66963,51.32016],[120.66921,51.32213],[120.66863,51.325],[120.66837,51.32604],[120.66787,51.32721],[120.66665,51.32955],[120.66629,51.33035],[120.66601,51.3308],[120.66543,51.33144],[120.66241,51.3342],[120.66224,51.33439],[120.65809,51.33821],[120.6577,51.33855],[120.65702,51.33899],[120.65655,51.33925],[120.64105,51.34638],[120.6402,51.34685],[120.63982,51.34711],[120.63947,51.34741],[120.63443,51.35201],[120.63294,51.35332],[120.6315,51.35467],[120.63057,51.35549],[120.63016,51.35579],[120.62949,51.35619],[120.62876,51.35657],[120.62621,51.35776],[120.62477,51.35848],[120.62433,51.35876],[120.62396,51.35906],[120.621736,51.361357],[120.621343,51.361569],[120.62123,51.36163],[120.62069,51.36187],[120.61957,51.36226],[120.6188,51.3624],[120.61827,51.36243],[120.61632,51.36242],[120.6155,51.3624],[120.61498,51.36233],[120.61397,51.36211],[120.613101,51.361788],[120.612632,51.361514],[120.612181,51.361148],[120.607,51.355877],[120.60349,51.352325],[120.602118,51.350953],[120.601672,51.350565],[120.591644,51.344411],[120.590166,51.343542],[120.589693,51.343265],[120.58698,51.34167],[120.58666,51.34138],[120.58654,51.34122],[120.58647,51.34106],[120.58637,51.34072],[120.585135,51.332816],[120.58495,51.332408],[120.584685,51.332102],[120.584263,51.331845],[120.583705,51.331611],[120.580669,51.330619],[120.579597,51.330345],[120.57794,51.33008],[120.570854,51.329045],[120.570181,51.328973],[120.569522,51.328978],[120.565616,51.329275],[120.562114,51.329532],[120.561037,51.329655],[120.559945,51.329875],[120.55659,51.33065],[120.55587,51.33081],[120.55501,51.33094],[120.55115,51.33138],[120.54963,51.33159],[120.54892,51.33164],[120.54092,51.33194],[120.53368,51.33227],[120.53229,51.33244],[120.52908,51.33296],[120.52828,51.33303],[120.52745,51.33298],[120.52644,51.33277],[120.51832,51.33042],[120.51785,51.33025],[120.51743,51.33005],[120.51648,51.32936],[120.51594,51.32887],[120.51551,51.32836],[120.51499,51.32757],[120.51455,51.327],[120.51407,51.32647],[120.51004,51.32251],[120.5098,51.32217],[120.50899,51.32078],[120.50855,51.31994],[120.50799,51.31859],[120.50788,51.31826],[120.50786,51.31809],[120.50791,51.31776],[120.50804,51.31743],[120.50884,51.31591],[120.50923,51.31509],[120.50945,51.31445],[120.51003,51.31239],[120.51023,51.31191],[120.51042,51.3116],[120.51133,51.31081],[120.51145,51.31066],[120.51166,51.31036],[120.51181,51.31007],[120.51188,51.30977],[120.51187,51.30947],[120.5117,51.30906],[120.51026,51.30684],[120.50987,51.3062],[120.50956,51.30539],[120.50922,51.30494],[120.50894,51.30467],[120.50877,51.30456],[120.50814,51.30434],[120.5053,51.30406],[120.50423,51.30389],[120.50347,51.30372],[120.50186,51.30325],[120.50147,51.30309],[120.50121,51.30286],[120.50102,51.30239],[120.50095,51.30207],[120.50095,51.3019],[120.501,51.30158],[120.50128,51.30098],[120.50131,51.30083],[120.50128,51.30069],[120.50118,51.30056],[120.50105,51.30046],[120.50089,51.30035],[120.5007,51.30027],[120.50027,51.30012],[120.49932,51.29992],[120.49883,51.29988],[120.49835,51.29994],[120.4973,51.30039],[120.49658,51.30064],[120.49525,51.30088],[120.49446,51.30094],[120.49227,51.30083],[120.49174,51.30077],[120.49099,51.3006],[120.48927,51.30006],[120.48803,51.29973],[120.48724,51.29958],[120.48492,51.29925],[120.48449,51.29911],[120.48411,51.29894],[120.48361,51.29865],[120.48296,51.29833],[120.48231,51.29813],[120.48188,51.29804],[120.48109,51.29802],[120.48064,51.29811],[120.47935,51.2983],[120.4772,51.29873],[120.47653,51.29876],[120.47441,51.29869],[120.47332,51.29854],[120.47124,51.29809],[120.47037,51.29795],[120.46951,51.29793],[120.46847,51.29796],[120.46749,51.29779],[120.46595,51.29737],[120.46546,51.29718],[120.46498,51.29693],[120.46486,51.29683],[120.46459,51.29649],[120.46448,51.29624],[120.46436,51.29584],[120.46381,51.2947],[120.4635,51.29438],[120.46301,51.29407],[120.4627,51.29394],[120.4622,51.29384],[120.46192,51.29382],[120.46152,51.29384],[120.46114,51.29393],[120.46066,51.2941],[120.45994,51.29449],[120.45939,51.29495],[120.45753,51.29676],[120.45692,51.2973],[120.45659,51.29753],[120.45619,51.29773],[120.45577,51.29789],[120.45529,51.29802],[120.44709,51.29976],[120.4461,51.3],[120.44525,51.30026],[120.4444,51.30058],[120.44355,51.30099],[120.44298,51.30131],[120.44228,51.30179],[120.44121,51.30271],[120.43954,51.30422],[120.43749,51.30601],[120.43666,51.30677],[120.43643,51.30702],[120.43621,51.30741],[120.43604,51.30796],[120.43543,51.31088],[120.43528,51.31139],[120.43489,51.31206],[120.43437,51.31258],[120.43408,51.31281],[120.43365,51.3131],[120.43317,51.31328],[120.43265,51.31344],[120.43206,51.31355],[120.43163,51.31357],[120.43073,51.31358],[120.43027,51.31355],[120.42967,51.31359],[120.4293,51.31369],[120.42893,51.31383],[120.42753,51.31462],[120.42674,51.31491],[120.42171,51.316],[120.42079,51.31613],[120.42033,51.31611],[120.41967,51.316],[120.41807,51.31562],[120.4169,51.31539],[120.40543,51.31421],[120.40247,51.31399],[120.39551,51.31368],[120.39417,51.31373],[120.38729,51.31461],[120.38706,51.31466],[120.38601,51.31477],[120.38524,51.31482],[120.3832,51.3148],[120.38278,51.31477],[120.37504,51.31462],[120.37355,51.31464],[120.373,51.31477],[120.37182,51.3154],[120.36928,51.31692],[120.36806,51.31767],[120.36771,51.31794],[120.36742,51.31828],[120.36733,51.31842],[120.36614,51.31992],[120.36594,51.32024],[120.36519,51.32117],[120.36373,51.32308],[120.36327,51.32353],[120.36301,51.32371],[120.36257,51.32392],[120.35928,51.32507],[120.3588,51.3253],[120.35851,51.32549],[120.35308,51.33005],[120.35236,51.33058],[120.35182,51.33087],[120.34919,51.3321],[120.3485,51.33237],[120.3481,51.33244],[120.34767,51.33246],[120.34336,51.33232],[120.34269,51.33234],[120.34183,51.33248],[120.34028,51.33287],[120.33826,51.3334],[120.33795,51.3335],[120.33765,51.33365],[120.33739,51.33386],[120.33708,51.33429],[120.33512,51.33782],[120.3348,51.33828],[120.33427,51.33893],[120.33366,51.33955],[120.33303,51.3401],[120.33273,51.34033],[120.33199,51.34083],[120.33107,51.34134],[120.32999,51.34203],[120.32947,51.34245],[120.32914,51.34277],[120.32872,51.34326],[120.32831,51.34392],[120.32809,51.34441],[120.3265,51.34744],[120.32601,51.34849],[120.32582,51.34882],[120.32553,51.34917],[120.32527,51.34945],[120.32485,51.34978],[120.31907,51.35346],[120.31843,51.35393],[120.3182,51.35417],[120.31801,51.35443],[120.31789,51.3547],[120.31695,51.35822],[120.31691,51.35847],[120.31672,51.35903],[120.31657,51.35923],[120.3164,51.3594],[120.31618,51.359531],[120.315796,51.359683],[120.315494,51.359765],[120.314113,51.359937],[120.312612,51.360145],[120.312209,51.360186],[120.311959,51.360184],[120.311668,51.360147],[120.31137,51.36009],[120.31107,51.35994],[120.31085,51.35974],[120.31072,51.35952],[120.31071,51.35943],[120.31068,51.35843],[120.31062,51.35802],[120.3104,51.3575],[120.31024,51.35728],[120.30992,51.35697],[120.3087,51.35606],[120.30834,51.35571],[120.30825,51.35558],[120.30812,51.3553],[120.30809,51.35504],[120.30813,51.35477],[120.30829,51.35439],[120.30854,51.35403],[120.30873,51.35367],[120.30876,51.35345],[120.3087,51.3532],[120.308056,51.352194],[120.307685,51.35166],[120.305639,51.348071],[120.304434,51.345914],[120.3041,51.3454],[120.30346,51.34472],[120.30288,51.34423],[120.30256,51.34401],[120.30182,51.34365],[120.30137,51.3435],[120.30088,51.34337],[120.29769,51.34261],[120.297,51.34235],[120.29661,51.34207],[120.29638,51.34187],[120.29534,51.34026],[120.29496,51.33978],[120.2947,51.33958],[120.29441,51.33942],[120.29412,51.3393],[120.28942,51.3379],[120.28901,51.33767],[120.28862,51.3374],[120.28828,51.33713],[120.2854,51.33512],[120.28469,51.33458],[120.28443,51.33426],[120.28424,51.33387],[120.28378,51.33266],[120.28291,51.33053],[120.28252,51.32948],[120.2823,51.32918],[120.28202,51.32892],[120.28027,51.32764],[120.28001,51.32735],[120.27981,51.32703],[120.2795,51.32619],[120.27866,51.32349],[120.27827,51.32236],[120.27824,51.32219],[120.27802,51.32152],[120.27794,51.32136],[120.2774,51.3195],[120.27726,51.3187],[120.27686,51.31681],[120.27663,51.31612],[120.27635,51.31561],[120.27599,51.3151],[120.275574,51.314741],[120.27503,51.31427],[120.27426,51.31381],[120.27052,51.3122],[120.27007,51.31206],[120.26664,51.31118],[120.26545,51.31093],[120.26494,51.31088],[120.26417,51.3109],[120.26365,51.31094],[120.26317,51.31103],[120.26268,51.31115],[120.26174,51.31148],[120.2522,51.3151],[120.25179,51.31528],[120.25099,51.31576],[120.24989,51.3166],[120.24916,51.31721],[120.24892,51.31734],[120.24826,51.3176],[120.24765,51.3177],[120.24726,51.31772],[120.24684,51.3177],[120.24622,51.31757],[120.24539,51.31727],[120.24329,51.31634],[120.24242,51.31604],[120.24195,51.31593],[120.232896,51.314301],[120.23221,51.314237],[120.23143,51.314227],[120.22831,51.3145],[120.22766,51.31451],[120.22677,51.31446],[120.22629,51.3145],[120.22532,51.31468],[120.22483,51.31482],[120.22164,51.31588],[120.22096,51.316],[120.2206,51.316],[120.22023,51.31594],[120.21971,51.31577],[120.2193,51.31551],[120.21876,51.31498],[120.2184,51.31472],[120.21775,51.31443],[120.2172,51.3143],[120.21678,51.31426],[120.21591,51.31424],[120.21449,51.31435],[120.21391,51.31429],[120.21327,51.31416],[120.21283,51.31411],[120.21042,51.31411],[120.2098,51.31405],[120.209,51.3139],[120.20862,51.31387],[120.20824,51.31395],[120.20746,51.31422],[120.20704,51.31432],[120.20657,51.3144],[120.20589,51.31439],[120.2041,51.31411],[120.20166,51.31366],[120.19366,51.31184],[120.19276,51.31166],[120.19208,51.31161],[120.18346,51.31158],[120.17941,51.31126],[120.17877,51.31117],[120.1784,51.31104],[120.17808,51.31083],[120.17599,51.30877],[120.17565,51.30857],[120.17455,51.30805],[120.17425,51.30784],[120.174,51.3076],[120.17223,51.30517],[120.17206,51.30496],[120.17174,51.30471],[120.17139,51.30453],[120.16893,51.30355],[120.16784,51.30298],[120.16621,51.30204],[120.16583,51.30177],[120.16544,51.30139],[120.16476,51.30057],[120.163695,51.29953],[120.1626,51.29877],[120.14878,51.29041],[120.14843,51.29025],[120.14784,51.29006],[120.14258,51.28873],[120.14222,51.28861],[120.14191,51.28848],[120.14063,51.28778],[120.13847,51.28655],[120.1379,51.28634],[120.13409,51.28545],[120.123772,51.284239],[120.121652,51.284046],[120.10684,51.28279],[120.10526,51.2826],[120.10473,51.2825],[120.09988,51.28139],[120.09928,51.2812],[120.09432,51.2792],[120.09363,51.27896],[120.09269,51.27875],[120.08891,51.27809],[120.08797,51.27788],[120.0849,51.27661],[120.08431,51.27642],[120.08363,51.27635],[120.08013,51.2764],[120.07959,51.27636],[120.06659,51.27469],[120.0661,51.2746],[120.06541,51.27441],[120.06497,51.27425],[120.06337,51.27359],[120.06115,51.27277],[120.06061,51.27262],[120.05837,51.2721],[120.05709,51.27169],[120.04936,51.26842],[120.04384,51.26644],[120.04229,51.26595],[120.03068,51.26243],[120.02993,51.2623],[120.0292,51.26225],[120.02869,51.26225],[120.01319,51.26256],[120.01265,51.26245],[120.01249,51.26239],[120.01205,51.26215],[120.01194,51.26205],[120.01169,51.26173],[120.01115,51.26089],[120.01083,51.26059],[120.01041,51.26039],[120.01009,51.26029],[120.00889,51.26002],[120.008,51.25977],[120.00744,51.25946],[120.00627,51.25857],[120.00587,51.2583],[120.00545,51.2581],[120.00485,51.25796],[120.004536,51.257917],[120.003818,51.25782],[119.997474,51.257055],[119.994854,51.256755],[119.995208,51.255738],[119.997874,51.250128],[119.999521,51.246672],[120.002461,51.240843],[120.004778,51.235818],[120.005937,51.232782],[120.00628,51.230941],[120.007482,51.223577],[120.008769,51.217973],[120.010593,51.213968],[120.011867,51.210649],[120.01216,51.209187],[120.01258,51.205481],[120.012708,51.204748],[120.012979,51.20377],[120.013576,51.202501],[120.014187,51.20158],[120.014799,51.200834],[120.023081,51.19013],[120.025528,51.186405],[120.026407,51.184212],[120.027115,51.181778],[120.027213,51.180519],[120.027978,51.169378],[120.028123,51.168569],[120.028316,51.167678],[120.028563,51.166876],[120.028811,51.166307],[120.02956,51.165149],[120.032774,51.161099],[120.038075,51.154415],[120.038703,51.153428],[120.039067,51.152384],[120.039203,51.151572],[120.039153,51.150817],[120.038788,51.148946],[120.038735,51.1476],[120.03886,51.146786],[120.03921,51.145948],[120.039625,51.145217],[120.043809,51.139415],[120.044196,51.138405],[120.044518,51.136736],[120.04655,51.120975],[120.046499,51.12041],[120.046449,51.119984],[120.046365,51.119491],[120.046029,51.118608],[120.045397,51.117492],[120.042674,51.112608],[120.042223,51.111645],[120.041919,51.110427],[120.041897,51.109397],[120.042034,51.108267],[120.042426,51.107128],[120.044636,51.102114],[120.04499,51.100807],[120.044957,51.097485],[120.04559,51.09638],[120.047189,51.094615],[120.047922,51.093661],[120.048258,51.092751],[120.048434,51.091825],[120.048252,51.090647],[120.047923,51.089631],[120.047497,51.088648],[120.046788,51.087658],[120.045911,51.086679],[120.045009,51.08591],[120.043786,51.08505],[120.040766,51.083091],[120.037777,51.080563],[120.033553,51.076787],[120.032949,51.076199],[120.032548,51.075675],[120.032232,51.075112],[120.03211,51.074397],[120.032223,51.073782],[120.038045,51.056323],[120.038517,51.055135],[120.03923,51.05415],[120.040913,51.052631],[120.047025,51.047768],[120.047821,51.047231],[120.049223,51.046464],[120.053101,51.04478],[120.055171,51.043822],[120.056052,51.04331],[120.056706,51.042797],[120.057299,51.041989],[120.057665,51.041226],[120.057797,51.040486],[120.057815,51.039595],[120.055335,51.026436],[120.054646,51.023393],[120.053315,51.016968],[120.051577,51.008449],[120.05162,51.006397],[120.053058,51.003332],[120.055311,50.999294],[120.05677,50.993028],[120.056791,50.991164],[120.054903,50.989327],[120.051749,50.987031],[120.049818,50.984586],[120.0475,50.981702],[120.045279,50.979871],[120.04293,50.978115],[120.040687,50.974515],[120.038981,50.971873],[120.037308,50.968968],[120.036514,50.967982],[120.034765,50.966015],[120.031986,50.963204],[120.028113,50.959292],[120.026997,50.957555],[120.026803,50.957144],[120.026665,50.956852],[120.026815,50.956176],[120.026874,50.955791],[120.027083,50.954848],[120.027915,50.952851],[120.02806,50.952554],[120.028231,50.952223],[120.030699,50.946753],[120.030956,50.945686],[120.03087,50.944318],[120.030677,50.941272],[120.030334,50.937655],[120.029776,50.935221],[120.028553,50.932726],[120.027319,50.930921],[120.025163,50.92829],[120.02188,50.923367],[120.020463,50.920012],[120.017931,50.913938],[120.016215,50.910285],[120.015249,50.908905],[120.012095,50.905685],[120.008811,50.902583],[120.004562,50.898503],[120.000732,50.894822],[119.99997,50.894098],[119.999866,50.893972],[119.99938,50.893387],[119.998951,50.892711],[119.998683,50.892088],[119.998222,50.890565],[119.998071,50.890112],[119.997739,50.889327],[119.99732,50.888528],[119.996205,50.886734],[119.994256,50.883642],[119.993501,50.882443],[119.992557,50.880873],[119.992308,50.880482],[119.992255,50.880392],[119.991881,50.879735],[119.991141,50.878185],[119.990754,50.877353],[119.989993,50.875376],[119.989334,50.872974],[119.989081,50.872052],[119.988115,50.868165],[119.987413,50.865479],[119.987117,50.864346],[119.986763,50.862951],[119.986302,50.861651],[119.985669,50.86008],[119.9848,50.858421],[119.983834,50.856843],[119.982847,50.855454],[119.981592,50.853849],[119.980358,50.852508],[119.979199,50.851363],[119.978642,50.850862],[119.977579,50.849927],[119.975841,50.848545],[119.974436,50.847563],[119.972666,50.846405],[119.970992,50.845409],[119.968052,50.843871],[119.963825,50.841785],[119.959111,50.83944],[119.953118,50.836439],[119.951508,50.835646],[119.949084,50.834257],[119.946831,50.832841],[119.945607,50.83198],[119.944532,50.831191],[119.942893,50.829988],[119.934149,50.823401],[119.933473,50.822892],[119.93269,50.822167],[119.932662,50.822132],[119.932218,50.821578],[119.931864,50.820927],[119.931681,50.820208],[119.931681,50.819531],[119.93181,50.8189],[119.931993,50.81846],[119.932293,50.817985],[119.932722,50.817423],[119.932967,50.817182],[119.933416,50.816838],[119.934247,50.816319],[119.937488,50.814774],[119.94314,50.81208],[119.944105,50.81153],[119.944987,50.810987],[119.946346,50.809895],[119.947252,50.809232],[119.948277,50.80863],[119.949434,50.80814],[119.959567,50.804524],[119.960794,50.804207],[119.962201,50.803981],[119.963727,50.803929],[119.971321,50.804418],[119.972286,50.804441],[119.974003,50.804336],[119.997326,50.800798],[119.99867,50.800523],[120.000203,50.800009],[120.004127,50.798184],[120.01256,50.796251],[120.01335,50.796027],[120.02259,50.792936],[120.023611,50.792559],[120.024924,50.792223],[120.025834,50.79207],[120.026987,50.791946],[120.02774,50.791895],[120.028758,50.791948],[120.03062,50.792197],[120.031866,50.792368],[120.042534,50.794107],[120.044701,50.794533],[120.049064,50.795773],[120.050949,50.796159],[120.052727,50.796287],[120.054739,50.796299],[120.05752,50.796119],[120.061782,50.795655],[120.064981,50.795327],[120.074053,50.795009],[120.075923,50.794875],[120.077271,50.79461],[120.078696,50.794235],[120.079954,50.793733],[120.081516,50.793074],[120.083183,50.792481],[120.084549,50.7921],[120.086693,50.791637],[120.101355,50.78912],[120.103542,50.788665],[120.105517,50.788068],[120.107577,50.787132],[120.109336,50.786006],[120.110774,50.78469],[120.111525,50.783714],[120.112404,50.78214],[120.113241,50.780023],[120.113842,50.778952],[120.115087,50.777445],[120.116739,50.775899],[120.12455,50.769304],[120.125665,50.768584],[120.127382,50.767892],[120.129206,50.767458],[120.130686,50.767282],[120.132038,50.7672],[120.133819,50.767295],[120.135643,50.767607],[120.137231,50.768096],[120.14296,50.770213],[120.144827,50.770593],[120.146651,50.770769],[120.148518,50.770729],[120.150299,50.770403],[120.16047,50.767634],[120.162766,50.766766],[120.165362,50.765409],[120.179696,50.755975],[120.181348,50.75455],[120.182678,50.753233],[120.183645,50.751835],[120.185128,50.749269],[120.18593,50.74778],[120.186591,50.746836],[120.187446,50.745786],[120.189598,50.743775],[120.191471,50.741627],[120.195337,50.737714],[120.197113,50.736081],[120.209545,50.725958],[120.21856,50.720031],[120.231285,50.71189],[120.232813,50.710789],[120.233847,50.709775],[120.238404,50.704468],[120.238963,50.703437],[120.239315,50.702203],[120.24064,50.697567],[120.243667,50.687088],[120.244034,50.685704],[120.244108,50.684929],[120.244051,50.684442],[120.242894,50.679692],[120.242918,50.679115],[120.243169,50.678628],[120.243444,50.678148],[120.243917,50.677777],[120.245227,50.677107],[120.246495,50.676445],[120.24713,50.67611],[120.247439,50.67588],[120.247524,50.675663],[120.24752,50.675394],[120.247357,50.675143],[120.247072,50.674931],[120.245092,50.674057],[120.242692,50.672989],[120.242372,50.672847],[120.241891,50.672623],[120.239134,50.671278],[120.237588,50.670414],[120.236851,50.669983],[120.236444,50.66973],[120.23602,50.669285],[120.235732,50.668896],[120.235118,50.667981],[120.234738,50.667584],[120.234202,50.667197],[120.228181,50.663692],[120.226351,50.662762],[120.219531,50.66002],[120.217398,50.658946],[120.213686,50.656885],[120.211864,50.655882],[120.197136,50.648497],[120.195147,50.647313],[120.185835,50.640391],[120.181294,50.637016],[120.178461,50.634813],[120.175524,50.632526],[120.17024,50.627078],[120.160232,50.618348],[120.158163,50.617099],[120.156879,50.616188],[120.152379,50.611977],[120.149769,50.609613],[120.143654,50.604702],[120.143021,50.604077],[120.14267,50.603415],[120.142427,50.601969],[120.142053,50.601167],[120.138793,50.597801],[120.137163,50.596042],[120.13679,50.595516],[120.136645,50.595082],[120.136702,50.5946],[120.13689,50.5942],[120.137375,50.593738],[120.13986,50.591619],[120.140358,50.591217],[120.149554,50.584024],[120.15025,50.58338],[120.150841,50.582642],[120.151215,50.581638],[120.152767,50.576083],[120.152983,50.57522],[120.153202,50.573762],[120.153113,50.572047],[120.1529,50.570563],[120.152444,50.568609],[120.151497,50.565628],[120.14984,50.560822],[120.148979,50.558953],[120.14764,50.556928],[120.146759,50.555976],[120.146624,50.555857],[120.145409,50.554775],[120.143699,50.553857],[120.140767,50.552574],[120.138227,50.55146],[120.135189,50.549975],[120.130089,50.546775],[120.125818,50.543967],[120.121951,50.541428],[120.119645,50.539916],[120.118357,50.538781],[120.118011,50.538355],[120.117643,50.537802],[120.117348,50.537207],[120.117155,50.53669],[120.117046,50.536171],[120.117022,50.535543],[120.117041,50.53506],[120.117079,50.534491],[120.117507,50.531403],[120.117946,50.528713],[120.118466,50.525],[120.118532,50.524299],[120.119329,50.518023],[120.11934,50.516247],[120.119223,50.514267],[120.118798,50.511916],[120.11816,50.509998],[120.116662,50.506244],[120.115997,50.50406],[120.115185,50.500174],[120.113944,50.49424],[120.112273,50.486284],[120.112009,50.484577],[120.111749,50.48311],[120.11169,50.482291],[120.11169,50.481039],[120.111731,50.480758],[120.111958,50.479467],[120.112473,50.477955],[120.113236,50.476716],[120.114214,50.475468],[120.114482,50.475183],[120.115231,50.4745],[120.115723,50.474065],[120.116251,50.47367],[120.116669,50.473363],[120.117556,50.472657],[120.11933,50.471687],[120.120886,50.470878],[120.123181,50.469827],[120.1241,50.469195],[120.125179,50.468235],[120.125835,50.467481],[120.126313,50.466722],[120.126592,50.465939],[120.126752,50.464999],[120.127071,50.461453],[120.127159,50.46029],[120.127224,50.459439],[120.1278,50.453398],[120.127846,50.452546],[120.127874,50.452022],[120.127961,50.451331],[120.128209,50.450244],[120.128447,50.449527],[120.128703,50.448928],[120.129038,50.448312],[120.129393,50.447802],[120.130035,50.447048],[120.130304,50.446785],[120.130956,50.446216],[120.131636,50.445675],[120.132167,50.445308],[120.132752,50.444943],[120.133369,50.444606],[120.136395,50.443072],[120.137622,50.4424],[120.138481,50.441889],[120.142232,50.439814],[120.145013,50.438307],[120.14613,50.437572],[120.147019,50.436837],[120.149273,50.43446],[120.150312,50.433365],[120.156897,50.426109],[120.159015,50.423969],[120.16069,50.422516],[120.169915,50.415192],[120.171798,50.413714],[120.173501,50.412671],[120.174806,50.412056],[120.176765,50.411206],[120.179708,50.410109],[120.181221,50.409385],[120.18248,50.408541],[120.183985,50.407268],[120.191006,50.40068],[120.192139,50.399852],[120.197136,50.396686],[120.199887,50.394943],[120.202236,50.393491],[120.203857,50.392328],[120.205085,50.39128],[120.208589,50.388202],[120.21089,50.386111],[120.213143,50.383808],[120.216696,50.379825],[120.220987,50.3748],[120.22231,50.373021],[120.22386,50.370375],[120.226256,50.366216],[120.231966,50.356367],[120.233635,50.353545],[120.234839,50.351203],[120.235674,50.349058],[120.236222,50.347679],[120.237348,50.345839],[120.239429,50.342584],[120.241284,50.339033],[120.243251,50.335093],[120.244813,50.331891],[120.245449,50.330898],[120.245874,50.331001],[120.246794,50.330138],[120.248079,50.329121],[120.250121,50.327463],[120.251351,50.326453],[120.259552,50.319881],[120.260353,50.319138],[120.260597,50.318821],[120.260933,50.318165],[120.261093,50.317669],[120.261162,50.317177],[120.261131,50.31638],[120.260983,50.315846],[120.260734,50.315403],[120.260214,50.314811],[120.259612,50.314074],[120.247644,50.299876],[120.247482,50.299678],[120.245188,50.296916],[120.244196,50.296074],[120.243399,50.295617],[120.241968,50.295004],[120.230999,50.290572],[120.229862,50.290106],[120.228821,50.289537],[120.227995,50.289044],[120.227147,50.288393],[120.226139,50.287508],[120.225742,50.287027],[120.22174,50.281947],[120.219719,50.279438],[120.21859,50.278202],[120.2174,50.277142],[120.206924,50.269071],[120.206512,50.268658],[120.205925,50.267864],[120.205582,50.267151],[120.202263,50.259495],[120.201634,50.25852],[120.200771,50.25747],[120.199827,50.256434],[120.197343,50.253959],[120.191347,50.247984],[120.190171,50.246771],[120.188243,50.244512],[120.186889,50.242888],[120.184893,50.240486],[120.183108,50.238322],[120.182856,50.238298],[120.181258,50.238113],[120.178127,50.237776],[120.174769,50.237408]]}},{"type":"Feature","properties":{"fromId":"erguna","toId":"hailaer","scenic":false,"distanceKm":131},"geometry":{"coordinates":[[120.174769,50.237408],[120.171977,50.237102],[120.171831,50.237084],[120.172348,50.235168],[120.172385,50.235034],[120.172417,50.234915],[120.172786,50.233549],[120.172851,50.233307],[120.172916,50.233067],[120.173209,50.231982],[120.173874,50.229541],[120.175226,50.224579],[120.17559,50.223397],[120.175688,50.223228],[120.175086,50.221843],[120.174902,50.221369],[120.174849,50.22123],[120.174732,50.220996],[120.174511,50.220508],[120.174409,50.220244],[120.174247,50.219824],[120.172845,50.216488],[120.171605,50.213524],[120.170986,50.211999],[120.170947,50.211896],[120.170287,50.21014],[120.170079,50.20956],[120.169889,50.208828],[120.169802,50.208309],[120.169747,50.207807],[120.169728,50.207413],[120.169734,50.20693],[120.16975,50.206622],[120.169794,50.206256],[120.169845,50.205861],[120.169939,50.205409],[120.170046,50.20503],[120.170208,50.204552],[120.170325,50.204253],[120.173114,50.198318],[120.173965,50.196584],[120.177817,50.188679],[120.178048,50.188197],[120.178083,50.188125],[120.178898,50.186466],[120.180038,50.184126],[120.180075,50.184044],[120.180117,50.183959],[120.181418,50.181312],[120.181422,50.181304],[120.182449,50.179207],[120.1825,50.179102],[120.18254,50.179018],[120.183348,50.177341],[120.184574,50.174827],[120.187924,50.168128],[120.18819,50.167654],[120.188484,50.167149],[120.18882,50.166651],[120.189316,50.165939],[120.189752,50.165427],[120.19008,50.165057],[120.192007,50.163084],[120.195701,50.159306],[120.198161,50.156801],[120.205984,50.148823],[120.206757,50.147969],[120.207399,50.147046],[120.207814,50.146249],[120.208067,50.145654],[120.209706,50.140952],[120.209865,50.140392],[120.209963,50.13983],[120.209972,50.139219],[120.209888,50.138546],[120.209706,50.137842],[120.19612,50.097109],[120.195526,50.095593],[120.195485,50.095499],[120.195439,50.095397],[120.194844,50.093852],[120.188034,50.078837],[120.187496,50.077874],[120.18676,50.076938],[120.181055,50.07145],[120.180064,50.070378],[120.179639,50.069905],[120.176667,50.06608],[120.175775,50.065098],[120.174826,50.064212],[120.17409,50.063599],[120.168606,50.059036],[120.163812,50.055056],[120.16159,50.053038],[120.159834,50.051374],[120.124674,50.016318],[120.123189,50.014732],[120.12176,50.013122],[120.103206,49.991708],[120.101744,49.990148],[120.100166,49.988706],[120.089518,49.979942],[120.08868,49.979157],[120.088187,49.978563],[120.087632,49.977723],[120.087103,49.976502],[120.083652,49.967712],[120.083208,49.9668],[120.08269,49.965944],[120.073632,49.953044],[120.07293,49.952172],[120.071919,49.951006],[120.069134,49.947858],[120.067583,49.945998],[120.061175,49.937884],[120.060454,49.937133],[120.059727,49.936514],[120.058754,49.935808],[120.043028,49.924757],[120.042104,49.924027],[120.041401,49.923361],[120.040785,49.922638],[120.04028,49.92194],[120.039737,49.920972],[120.037383,49.915485],[120.036863,49.9145],[120.036295,49.913664],[120.03564,49.912842],[120.032164,49.908689],[120.031381,49.907819],[120.030624,49.907131],[120.029975,49.906699],[120.028999,49.906091],[120.022669,49.902788],[120.021832,49.902332],[120.021144,49.901897],[120.020464,49.901427],[120.01982,49.900944],[120.019289,49.900484],[120.017654,49.898902],[120.016939,49.898281],[120.016075,49.897666],[120.015014,49.89705],[120.013697,49.896389],[120.008933,49.8941],[120.007456,49.893291],[120.00562,49.892252],[120.003943,49.891227],[119.986647,49.880066],[119.985742,49.879385],[119.98458,49.878381],[119.983616,49.877423],[119.982757,49.876415],[119.982064,49.875461],[119.981456,49.87447],[119.980928,49.873461],[119.980512,49.87238],[119.978504,49.865301],[119.978154,49.864386],[119.977751,49.863531],[119.97721,49.862645],[119.974452,49.858529],[119.967106,49.84756],[119.966524,49.846819],[119.965791,49.846048],[119.965098,49.845443],[119.964325,49.844864],[119.963203,49.844166],[119.961961,49.843506],[119.960634,49.842803],[119.959491,49.842096],[119.9586,49.841444],[119.957847,49.84078],[119.957021,49.839907],[119.956678,49.839481],[119.956268,49.838885],[119.955859,49.838212],[119.955496,49.837407],[119.955323,49.836936],[119.952561,49.829404],[119.952145,49.828445],[119.951774,49.827755],[119.951235,49.827021],[119.95059,49.826351],[119.936858,49.813528],[119.927643,49.804921],[119.925754,49.803213],[119.924666,49.802365],[119.923619,49.801672],[119.922483,49.801019],[119.921012,49.800361],[119.919464,49.799719],[119.917858,49.799084],[119.91677,49.798554],[119.915983,49.798033],[119.915491,49.79764],[119.914937,49.79711],[119.914348,49.796377],[119.913835,49.795476],[119.910186,49.788106],[119.909871,49.787518],[119.90869,49.785917],[119.90804,49.785232],[119.906911,49.784278],[119.872727,49.756872],[119.871606,49.755966],[119.870987,49.755453],[119.870067,49.75463],[119.869069,49.753539],[119.868415,49.752666],[119.856016,49.735289],[119.847741,49.723807],[119.837774,49.71174],[119.836709,49.71053],[119.82154,49.694269],[119.820521,49.693211],[119.81926,49.692039],[119.782457,49.659569],[119.776525,49.654333],[119.775563,49.653484],[119.773572,49.651825],[119.766988,49.646742],[119.765267,49.645399],[119.763562,49.643947],[119.761963,49.642488],[119.760272,49.6408],[119.724634,49.600397],[119.714251,49.588552],[119.71326,49.587295],[119.712495,49.586097],[119.71183,49.584932],[119.711342,49.583922],[119.710839,49.582614],[119.696729,49.542113],[119.696139,49.540463],[119.695606,49.539044],[119.681951,49.508525],[119.680892,49.506405],[119.680135,49.505192],[119.67942,49.504259],[119.678264,49.502782],[119.676284,49.50043],[119.675258,49.499234],[119.673595,49.497281],[119.672894,49.496412],[119.67232,49.495584],[119.671924,49.494761],[119.671676,49.494058],[119.671457,49.493203],[119.6714,49.492435],[119.671471,49.491414],[119.671648,49.49066],[119.672016,49.489534],[119.688915,49.44752],[119.689221,49.446623],[119.689436,49.445734],[119.689602,49.444747],[119.689693,49.443868],[119.689768,49.443142],[119.689779,49.442253],[119.68916,49.430171],[119.689117,49.428717],[119.689154,49.427001],[119.68924,49.425358],[119.689425,49.423723],[119.689616,49.42238],[119.694809,49.395127],[119.695192,49.393676],[119.695687,49.391861],[119.696218,49.390262],[119.697874,49.386161],[119.702347,49.375437],[119.702488,49.375098],[119.712448,49.351206],[119.716325,49.342036],[119.716724,49.340934],[119.717008,49.339901],[119.717252,49.338863],[119.717543,49.337434],[119.719157,49.323801],[119.720907,49.309005],[119.7214,49.305211],[119.722067,49.299722],[119.722166,49.298655],[119.722293,49.297617],[119.72235,49.297161],[119.722423,49.296575],[119.722498,49.29586],[119.722546,49.295399],[119.722594,49.294936],[119.722709,49.294088],[119.722932,49.293329],[119.723243,49.292558],[119.724236,49.290943],[119.73046,49.283134],[119.730847,49.282526],[119.731246,49.281629],[119.731339,49.28127],[119.73137,49.280749],[119.731358,49.280207],[119.731279,49.27974],[119.731193,49.279425],[119.731083,49.27912],[119.730445,49.277758],[119.729665,49.276523],[119.729288,49.275798],[119.729043,49.275158],[119.728915,49.274681],[119.728783,49.273941],[119.728757,49.273042],[119.728817,49.272172],[119.728836,49.271045],[119.728863,49.270599],[119.728942,49.269803],[119.728964,49.268608],[119.728984,49.268107],[119.729042,49.266828],[119.729167,49.262411],[119.729263,49.259852],[119.729505,49.252582],[119.729633,49.249017],[119.729608,49.248895],[119.72957,49.248776],[119.729527,49.24869],[119.729472,49.248616],[119.729458,49.248534],[119.729486,49.248455],[119.729552,49.248385],[119.72965,49.248334],[119.729769,49.248307],[119.72989,49.248306],[119.730006,49.248331],[119.730149,49.248356],[119.730374,49.248357],[119.730556,49.248334],[119.733542,49.247566],[119.735533,49.247054],[119.737207,49.246605],[119.737729,49.246491],[119.741749,49.245514],[119.743795,49.245006],[119.744864,49.24478],[119.745283,49.244707],[119.745657,49.244674],[119.749198,49.244581],[119.753798,49.244389],[119.757064,49.244219],[119.759411,49.24412],[119.759568,49.244118],[119.760072,49.244125],[119.766485,49.244643],[119.767091,49.244713],[119.767005,49.244464],[119.76698,49.244137],[119.767046,49.243611],[119.767904,49.239037],[119.76839,49.236443],[119.768969,49.233443],[119.769368,49.231294],[119.769988,49.228288],[119.770025,49.228156],[119.771552,49.226336],[119.771584,49.226231],[119.771746,49.226206],[119.775477,49.226313],[119.776348,49.226327],[119.777254,49.226346],[119.777765,49.226395],[119.778356,49.226465],[119.77899,49.226566],[119.779779,49.226735],[119.780658,49.226945],[119.781635,49.227219],[119.782332,49.227415],[119.782901,49.227541],[119.783354,49.227607],[119.783577,49.227639],[119.784553,49.227751],[119.785186,49.227779],[119.786508,49.227782],[119.800708,49.227814],[119.800926,49.227812],[119.806299,49.227828],[119.811684,49.227825],[119.811875,49.227826],[119.811877,49.227955],[119.811871,49.231557],[119.811871,49.231643],[119.815142,49.231648],[119.817202,49.231651]],"type":"LineString"}}]}